cand_id,cycle,state,district,cand_name_first,cand_name_last,party,outcome,unopposed,votes,vote_share
H2AK00119,2012,AK,0,Sharon M.,Cissna,DEM,0,False,82927,0.286148569377924
H2AK00143,2012,AK,0,Jim C.,McDermott,LIB,0,False,15028,0.051855736980856
H2AK00176,2012,AK,0,Ted,Gianoutsos,NAF,0,False,5589,0.0192854480959545
H6AK00045,2012,AK,0,Don,Young,REP,1,False,185296,0.639383859436033
H2AL01077,2012,AL,1,Jo,Bonner,REP,1,False,196374,0.978562458888955
H0AL02087,2012,AL,2,Martha,Roby,REP,1,False,180591,0.63598905452663
H2AL02141,2012,AL,2,Therese,Ford,DEM,0,False,103092,0.363060083887122
H2AL03032,2012,AL,3,Mike,Rogers,REP,1,False,175306,0.6399664147774979
H2AL03099,2012,AL,3,John Andrew,Harris,DEM,0,False,98141,0.358270361041142
H2AL04055,2012,AL,4,Daniel H.,Boman,DEM,0,False,69706,0.25901649090733403
H6AL04098,2012,AL,4,Robert,Aderholt,REP,1,False,199071,0.739716406929302
H0AL05163,2012,AL,5,Mo,Brooks,REP,1,False,189185,0.6494663448829869
H2AL05094,2012,AL,5,Charlie L.,Holley,DEM,0,False,101772,0.349380177347207
H2AL06035,2012,AL,6,Spencer,Bachus,REP,1,False,219262,0.711653932788492
H2AL06142,2012,AL,6,"Penny ""Colonel""",Bailey,DEM,0,False,88267,0.286486293500205
H0AL07086,2012,AL,7,Terri A.,Sewell,DEM,1,False,232520,0.758486159225987
H0AL07177,2012,AL,7,Don,Chamberlain,REP,0,False,73835,0.24085164960627398
H0AR01083,2012,AR,1,Rick,Crawford,REP,1,False,138800,0.562300733664718
H2AR01071,2012,AR,1,Scott,Ellington,DEM,0,False,96601,0.391345916230154
H2AR01089,2012,AR,1,Jessica,Paxton,LIB,0,False,6427,0.026036792617169603
H2AR01097,2012,AR,1,Jacob,Holloway,GRE,0,False,5015,0.0203165574879579
H0AR02107,2012,AR,2,Tim,Griffin,REP,1,False,158175,0.551905456423283
H2AR02053,2012,AR,2,Herb,Rule,DEM,0,False,113156,0.394824806872344
H2AR02061,2012,AR,2,Chris,Hayes,LIB,0,False,6701,0.023381182004061397
H2AR02079,2012,AR,2,Barbara,Ward,GRE,0,False,8566,0.0298885547003119
H0AR03055,2012,AR,3,Steve,Womack,REP,1,False,186467,0.7590450215745339
H2AR03259,2012,AR,3,Rebekah,Kennedy,GRE,0,False,39318,0.160050476268013
H2AR03267,2012,AR,3,David,Pangrac,LIB,0,False,19875,0.0809045021574534
H2AR04083,2012,AR,4,Tom,Cotton,REP,1,False,154149,0.5952779075739609
H2AR04109,2012,AR,4,Gene,Jeffress,DEM,0,False,95013,0.36691214235788006
H2AR04141,2012,AR,4,Bobby,Tullis,LIB,0,False,4984,0.0192467358941584
H8AR04098,2012,AR,4,J. Joshua,Drake,GRE,0,False,4807,0.0185632141740007
H0AS00018,2012,AS,0,Eni F.H.,Faleomavaega,DEM,1,False,7221,0.552233098806975
H2AS00055,2012,AS,0,"Kereti, Jr.",Mata'utia,DEM,0,False,438,0.0334964821046191
H2AS00063,2012,AS,0,Fatumalala Leulua'iali'i A.,Al-Sheri,NPA,0,False,300,0.0229427959620679
H4AS00036,2012,AS,0,Aumua,Amata,CON,0,False,4420,0.338023860507801
H8AS00052,2012,AS,0,Rosie F. Tago,Lancaster,IND,0,False,697,0.053303762618537795
H0AZ08056,2012,AZ,1,Jonathan,Paton,REP,0,False,113594,0.45149545897175997
H2AZ01321,2012,AZ,1,Kim,Allen,W,0,False,15227,0.060521870466424196
H8AZ01104,2012,AZ,1,Ann,Kirkpatrick,DEM,1,False,122774,0.487982670561816
H2AZ08045,2012,AZ,2,Anthony,Prowell,W,0,False,57,0.000195019142668478
H2AZ08094,2012,AZ,2,Ron,Barber,DEM,1,False,147338,0.50410053407874
H2AZ08102,2012,AZ,2,Martha,McSally,REP,0,False,144884,0.495704446778592
H2AZ03145,2012,AZ,3,Blanca,Guerra,LIB,0,False,7567,0.0448553035602082
H2AZ07070,2012,AZ,3,Ra£l M.,Grijalva,DEM,1,False,98468,0.58369393828024
H2AZ07146,2012,AZ,3,Gabriela,Saucedo Mercer,REP,0,False,62663,0.37145075815955103
H0AZ01259,2012,AZ,4,Raul,Gosar,REP,1,False,162907,0.668308992451592
H2AZ04150,2012,AZ,4,Johnnie,Robinson,DEM,0,False,69154,0.283697079094191
H2AZ04176,2012,AZ,4,Joe,Pamelia,LIB,0,False,9306,0.0381768953068592
H8AZ06012,2012,AZ,4,Richard,Grayson,W,0,False,2393,0.009817033147358059
H2AZ05140,2012,AZ,5,Spencer,Morgan,DEM,0,False,89589,0.3280939284184
H4AZ01038,2012,AZ,5,Matt,Salmon,REP,1,False,183470,0.6719060715816001
H2AZ06171,2012,AZ,6,Matt,Jette,DEM,0,False,97666,0.33312981577681805
H2AZ06189,2012,AZ,6,Jack,Anderson,LIB,0,False,10167,0.0346787094485584
H2AZ06197,2012,AZ,6,Mark,Salazar,W,0,False,5637,0.0192272927276014
H4AZ06045,2012,AZ,6,David,Schweikert,REP,1,False,179706,0.612960771138254
H2AZ02055,2012,AZ,7,Ed,Pastor,DEM,1,False,104489,0.817425113630141
H6AZ07022,2012,AZ,7,Joe,Cobb,LIB,0,False,23338,0.182574886369859
H0AZ03248,2012,AZ,8,Gene,Scharer,DEM,0,False,95635,0.350579747865582
H2AZ08151,2012,AZ,8,Stephen,Dolgos,AE,0,False,4347,0.0159352764570679
H4AZ04024,2012,AZ,8,Trent,Franks,REP,1,False,172809,0.6334849756773501
H0AZ03321,2012,AZ,9,Vernon B.,Parker,REP,0,False,111630,0.44630000000000003
H2AZ09019,2012,AZ,9,Kyrsten,Sinema,DEM,1,False,121881,0.48729999999999996
H4AZ02119,2012,AZ,9,Powell,Gammill,W,0,False,16620,0.0664
H0CA02138,2012,CA,1,Jim,Reed,DEM,0,False,125386,0.42617423431323603
H2CA02142,2012,CA,1,Doug,La Malfa,REP,1,False,168827,0.573825765686764
H0CA06121,2012,CA,2,Daniel W.,Roberts,REP,0,False,91310,0.287567002387206
H2CA06259,2012,CA,2,Jared,Huffman,DEM,1,False,226216,0.712432997612794
H0CA10149,2012,CA,3,John,Garamendi,DEM,1,False,126882,0.542304930588798
H2CA03090,2012,CA,3,Kim,Vann,REP,0,False,107086,0.45769506941120197
H2CA04114,2012,CA,4,Jack,Uppal,DEM,0,False,125885,0.388908455055486
H8CA04152,2012,CA,4,Tom,McClintock,REP,1,False,197803,0.611091544944514
H2CA05095,2012,CA,5,Randy,Loftin,REP,0,False,69545,0.255288766853757
H8CA01109,2012,CA,5,Mike,Thompson,DEM,1,False,202872,0.7447112331462429
H2CA06291,2012,CA,6,"Joseph, Sr.",McRay,REP,0,False,53406,0.24947564615808598
H6CA05195,2012,CA,6,Doris,Matsui,DEM,1,False,160667,0.750524353841914
H0CA03078,2012,CA,7,Ami,Bera,DEM,1,False,141241,0.516815409215818
H6CA34112,2012,CA,7,Dan,Lungren,REP,0,False,132050,0.483184590784182
H2CA08164,2012,CA,8,Paul,Cook,REP,1,False,103093,0.5738738839037211
H2CA41116,2012,CA,8,Gregg,Imus,REP,0,False,76551,0.426126116096279
H2CA11135,2012,CA,9,Ricky,Gill,REP,0,False,94704,0.444459045321644
H4CA11081,2012,CA,9,Jerry,McNerney,DEM,1,False,118373,0.5555409546783561
H0CA19173,2012,CA,10,Jeff,Denham,REP,1,False,110265,0.5270818694162019
H2CA10145,2012,CA,10,Jose,Hernandez,DEM,0,False,98934,0.472918130583798
H6CA07043,2012,CA,11,George,Miller,DEM,1,False,200743,0.697317275660955
H8CA07031,2012,CA,11,Virginia,Fuller,REP,0,False,87136,0.302682724339045
H0CA08069,2012,CA,12,John,Dennis,REP,0,False,44478,0.149161432255598
H8CA05035,2012,CA,12,Nancy,Pelosi,DEM,1,False,253709,0.850838567744402
H2CA13099,2012,CA,13,Marilyn M.,Singleton,NOP,0,False,38146,0.132184266516969
H8CA09060,2012,CA,13,Barbara,Lee,DEM,1,False,250436,0.867815733483031
H2CA14139,2012,CA,14,Deborah (Debbie),Bacigalupi,REP,0,False,54455,0.210834627133803
H8CA12171,2012,CA,14,Jackie,Speier,DEM,1,False,203828,0.789165372866197
H2CA15094,2012,CA,15,Eric,Swalwell,DEM,1,False,120388,0.521083476890847
H6CA09023,2012,CA,15,Fortney Pete,Stark,DEM,0,False,110646,0.478916523109153
H2CA16092,2012,CA,16,Brian Daniel,Whelan,REP,0,False,62801,0.42591386910817197
H4CA20082,2012,CA,16,Jim,Costa,DEM,1,False,84649,0.574086130891828
H0CA15148,2012,CA,17,Mike,Honda,DEM,1,False,159392,0.7354471964859179
H2CA17090,2012,CA,17,Evelyn,Li,REP,0,False,57336,0.264552803514082
H0CA14075,2012,CA,18,Dave,Chapman,REP,0,False,89103,0.295107540058423
H8CA12098,2012,CA,18,Anna G.,Eshoo,DEM,1,False,212831,0.704892459941577
H2CA19112,2012,CA,19,Robert,Murray,REP,0,False,59313,0.267642241204262
H4CA16049,2012,CA,19,Zoe,Lofgren,DEM,1,False,162300,0.732357758795739
H4CA17021,2012,CA,20,Sam,Farr,DEM,1,False,172996,0.740685556725837
H8CA17089,2012,CA,20,Jeff,Taylor,REP,0,False,60566,0.25931444327416303
H0CA19082,2012,CA,21,John,Hernandez,DEM,0,False,49119,0.42240912257165697
H2CA20094,2012,CA,21,David G.,Valadao,REP,1,False,67164,0.577590877428343
H2CA22140,2012,CA,22,Otto,Lee,DEM,0,False,81555,0.381203228927602
H8CA20059,2012,CA,22,Devin G.,Nunes,REP,1,False,132386,0.6187967710723989
H2CA23122,2012,CA,23,Terry,Phillips,NOP,0,False,57842,0.26778331782429
H6CA22125,2012,CA,23,Kevin,McCarthy,REP,1,False,158161,0.7322166821757109
H2CA23106,2012,CA,24,Abel,Maldonado,REP,0,False,127746,0.449027223677042
H8CA22089,2012,CA,24,Lois,Capps,DEM,1,False,156749,0.550972776322958
H2CA25036,2012,CA,25,"Howard P. ""Buck""",McKeon,REP,1,False,129593,0.547788227834725
H2CA25143,2012,CA,25,Lee C.,Rogers,DEM,0,False,106982,0.452211772165275
H2CA00120,2012,CA,26,Julia,Brownley,DEM,1,False,139072,0.5269176122909051
H2CA26109,2012,CA,26,Tony,Strickland,REP,0,False,124863,0.473082387709095
H0CA32101,2012,CA,27,Judy,Chu,DEM,1,False,154191,0.639775443138817
H2CA27198,2012,CA,27,Jack,Orswell,REP,0,False,86817,0.360224556861183
H0CA27085,2012,CA,28,Adam,Schiff,DEM,1,False,188703,0.7648746914405921
H0CA33133,2012,CA,28,Phil,Jennerjahn,REP,0,False,58008,0.235125308559408
H2CA28097,2012,CA,29,David R.,Hernandez,NOP,0,False,38994,0.259473918858671
H2CA28113,2012,CA,29,Tony,C rdenas,DEM,1,False,111287,0.7405260811413289
H2CA26026,2012,CA,30,Howard L.,Berman,DEM,0,False,98395,0.39699254794211003
H6CA24113,2012,CA,30,Brad,Sherman,DEM,1,False,149456,0.60300745205789
H2CA31133,2012,CA,31,Bob,Dutton,REP,0,False,72255,0.448179184835534
H8CA41063,2012,CA,31,Gary G.,Miller,REP,1,False,88964,0.551820815164466
H0CA26087,2012,CA,32,David L.,Miller,REP,0,False,65208,0.342999616013803
H8CA34068,2012,CA,32,Grace F.,Napolitano,DEM,1,False,124903,0.657000383986198
H2CA33147,2012,CA,33,Bill,Bloomfield,NOP,0,False,146660,0.460442044455607
H6CA24048,2012,CA,33,Henry A.,Waxman,DEM,1,False,171860,0.539557955544393
H2CA30143,2012,CA,34,Xavier,Becerra,DEM,1,False,120367,0.856156198876165
H2CA34061,2012,CA,34,Stephen C.,Smith,REP,0,False,20223,0.143843801123835
H2CA35118,2012,CA,35,Gloria Negrete,McLeod,DEM,1,False,79698,0.558578637510513
H6CA42099,2012,CA,35,Joe,Baca,DEM,0,False,62982,0.44142136248948705
H2CA36439,2012,CA,36,Raul,Ruiz,DEM,1,False,110189,0.529393394893871
H8CA44034,2012,CA,36,Mary Bono,Mack,REP,0,False,97953,0.47060660510612995
H0CA33117,2012,CA,37,Karen R.,Bass,DEM,1,False,207039,0.864174805910343
H2CA37270,2012,CA,37,Morgan,Osborne,W,0,False,32541,0.135825194089657
H2CA38237,2012,CA,38,Benjamin,Campos,REP,0,False,69807,0.324552390428059
H2CA39078,2012,CA,38,Linda T.,S nchez,DEM,1,False,145280,0.675447609571941
H2CA39136,2012,CA,39,Jay,Chen,DEM,0,False,106360,0.422118769521406
H6CA39020,2012,CA,39,Ed,Royce,REP,1,False,145607,0.577881230478594
H0CA34099,2012,CA,40,David,Sanchez,DEM,0,False,51613,0.411085358374551
H2CA33048,2012,CA,40,Lucille,Roybal-Allard,DEM,1,False,73940,0.588914641625449
H2CA43245,2012,CA,41,Mark,Takano,DEM,1,False,103578,0.589677316512195
H2CA43377,2012,CA,41,John,Tavaglione,REP,0,False,72074,0.410322683487805
H2CA37023,2012,CA,42,Ken,Calvert,REP,1,False,130245,0.6059400689472291
H8CA42210,2012,CA,42,Michael,Williamson,DEM,0,False,84702,0.394059931052771
H2CA43385,2012,CA,43,Bob,Flores,DEM,0,False,57771,0.287569564048702
H4CA23011,2012,CA,43,Maxine,Waters,DEM,1,False,143123,0.7124304359512981
H8CA36097,2012,CA,44,Janice,Hahn,DEM,1,False,99909,0.602231491639441
H8CA37137,2012,CA,44,Laura,Richardson,DEM,0,False,65989,0.397768508360559
H2CA48087,2012,CA,45,Sukhee,Kang,DEM,0,False,121814,0.41541992490562
H6CA48039,2012,CA,45,John,Campbell,REP,1,False,171417,0.5845800750943799
H2CA46107,2012,CA,46,Jerry,Hayden,REP,0,False,54121,0.361252211060308
H6CA46033,2012,CA,46,Loretta,Sanchez,DEM,1,False,95694,0.638747788939692
H2CA00104,2012,CA,47,Alan,Lowenthal,DEM,1,False,130093,0.56559222997061
H2CA47105,2012,CA,47,Gary,DeLong,REP,0,False,99919,0.43440777002939
H2CA48095,2012,CA,48,Ron,Varasteh,DEM,0,False,113358,0.39021418096949395
H8CA42061,2012,CA,48,Dana,Rohrabacher,REP,1,False,177144,0.609785819030506
H0CA48024,2012,CA,49,Darrell,Issa,REP,1,False,159725,0.581626113364747
H2CA49218,2012,CA,49,Jerry,Tetalman,DEM,0,False,114893,0.41837388663525304
H2CA50158,2012,CA,50,David B.,Secor,DEM,0,False,83455,0.323102058514942
H8CA52052,2012,CA,50,Duncan D.,Hunter,REP,1,False,174838,0.676897941485058
H2CA50026,2012,CA,51,Juan,Vargas,DEM,1,False,113934,0.7147768478901869
H8CA53019,2012,CA,51,Michael,Crimmins,REP,0,False,45464,0.285223152109813
H2CA52089,2012,CA,52,Scott,Peters,DEM,1,False,151451,0.511814403027948
H4CA49032,2012,CA,52,Brian,Bilbray,REP,0,False,144459,0.48818559697205205
H0CA49055,2012,CA,53,Susan A.,Davis,DEM,1,False,164825,0.614314945193379
H0CA51036,2012,CA,53,Nick,Popaditch,REP,0,False,103482,0.38568505480662096
H2CO01124,2012,CO,1,Danny,Stroud,REP,0,False,93217,0.26768955971375097
H2CO01140,2012,CO,1,Frank,Atwood,LIB,0,False,12585,0.036140115097005404
H2CO01157,2012,CO,1,Thomas Henry,Juniel,W,0,False,18,5.16902718908301e-05
H2CO02080,2012,CO,1,Gary,Swing,GRE,0,False,4829,0.013867351275601
H6CO01141,2012,CO,1,Diana,DeGette,DEM,1,False,237579,0.682251283641752
H2CO02148,2012,CO,2,Kevin,Lundberg,REP,0,False,162639,0.385784430001423
H2CO02155,2012,CO,2,Randy,Luallin,LIB,0,False,13770,0.0326628397931591
H2CO02163,2012,CO,2,Susan P.,Hall,GRE,0,False,10413,0.0246999383272451
H8CO02137,2012,CO,2,Jared,Polis,DEM,1,False,234758,0.556852791878173
H0CO03116,2012,CO,3,Gregory,Gilman,LIB,0,False,8212,0.023626623395305798
H2CO03138,2012,CO,3,Sal,Pace,DEM,0,False,142920,0.411193012135545
H2CO03146,2012,CO,3,Tisha T.,Casida,UN,0,False,11125,0.0320075724881608
H2CO03179,2012,CO,3,Jaime,McMillan,W,0,False,26,7.48042143543533e-05
H6CO03139,2012,CO,3,Scott R.,Tipton,REP,1,False,185291,0.533097987766634
H0CO04122,2012,CO,4,Cory,Gardner,REP,1,False,200006,0.5842388764255
H0CO04148,2012,CO,4,Doug,Aden,AMC,0,False,5848,0.0170826322677136
H2CO04094,2012,CO,4,Brandon,Shaffer,DEM,0,False,125800,0.367475229014769
H2CO04102,2012,CO,4,Josh,Gilliland,LIB,0,False,10682,0.0312032622920172
H2CO05059,2012,CO,5,Dave,Anderson,UN,0,False,53318,0.173540296253381
H2CO05067,2012,CO,5,Jim,Pirtle,LIB,0,False,22778,0.0741382060103438
H2CO05109,2012,CO,5,Kenneth R.,Harvell,AMC,0,False,13212,0.0430026331463984
H2CO05117,2012,CO,5,Misha,Luzov,GRE,0,False,18284,0.059511061493244595
H2CO05125,2012,CO,5,George Allen,Cantrell,W,0,False,6,1.9528897886647798e-05
H6CO05159,2012,CO,5,Doug,Lamborn,REP,1,False,199639,0.6497882741987461
H2CO06123,2012,CO,6,Joe,Miklosi,DEM,0,False,156937,0.457657021877205
H2CO06149,2012,CO,6,Kathy,Polhemus,UN,0,False,13442,0.0391993327773144
H2CO06156,2012,CO,6,Patrick E.,Provost,LIB,0,False,8597,0.0250704258210513
H8CO06138,2012,CO,6,Mike,Coffman,REP,1,False,163938,0.478073219524429
H0CO07075,2012,CO,7,Buck,Bailey,LIB,0,False,9148,0.026829339824618003
H2CO07121,2012,CO,7,Joe,Coors,REP,0,False,139066,0.407854063407338
H2CO07147,2012,CO,7,"Douglas ""Dayhorse""",Campbell,AMC,0,False,10296,0.0301962049447165
H6CO07023,2012,CO,7,Ed,Perlmutter,DEM,1,False,182460,0.535120391823328
H2CT01163,2012,CT,1,John Henry,Decker,REP,0,False,82321,0.277118167649069
H2CT01171,2012,CT,1,S. Michael,DeRosa,GRE,0,False,5477,0.0184372906574744
H2CT01189,2012,CT,1,Matthew M.,Corey,PC,0,False,2290,0.00770885441037363
H8CT01046,2012,CT,1,John B.,Larson,DEM,1,False,206973,0.6967356872830838
H2CT02112,2012,CT,2,Joe,Courtney,DEM,1,False,204708,0.6824509934657951
H2CT02146,2012,CT,2,Paul M.,Formica,REP,0,False,88103,0.29371582877717
H2CT02153,2012,CT,2,Colin D.,Bennett,GRE,0,False,3638,0.0121282837711695
H8CT02085,2012,CT,2,Daniel J.,Reale,LIB,0,False,3511,0.011704893985864799
H0CT03072,2012,CT,3,Rosa L.,DeLauro,DEM,1,False,217573,0.7469009718469903
H2CT03086,2012,CT,3,"Stephen ""Steve""",Packard,W,0,False,1,3.43287527334269e-06
H2CT03094,2012,CT,3,"Hector W., Jr.",Concepcion,W,0,False,1,3.43287527334269e-06
H2CT05180,2012,CT,3,Wayne,Winsley,REP,0,False,73726,0.253092162402463
H2CT04068,2012,CT,4,Stephen,Obsitnik,REP,0,False,117503,0.400443714386979
H8CT04172,2012,CT,4,Jim,Himes,DEM,1,False,175929,0.5995562856130212
H0CT05127,2012,CT,5,John,Pistone,W,0,False,12,4.2141194070734e-05
H2CT05131,2012,CT,5,Elizabeth,Esty,DEM,1,False,146098,0.5130620142788413
H2CT05206,2012,CT,5,Andrew,Roraback,REP,0,False,138637,0.48686072686536297
H2CT05214,2012,CT,5,Russ,Jaeger,W,0,False,10,3.51176617256117e-05
H0DC00058,2012,DC,0,Eleanor H.,Norton,DEM,1,False,246664,0.885487304487674
H2DC00096,2012,DC,0,Bruce,Majors,LIB,0,False,16524,0.0593187178483862
H8DC00143,2012,DC,0,Natale Lino,Stracuzzi,DCG,0,False,13243,0.047540412761206595
H0DE01017,2012,DE,0,"John C., Jr.",Carney,DEM,1,False,249933,0.6440592796456209
H2DE00130,2012,DE,0,Thomas H.,Kovach,REP,0,False,129757,0.33437441213836006
H2DE00148,2012,DE,0,Scott,Gesty,LIB,0,False,4096,0.010555096003442802
H2DE00155,2012,DE,0,Bernard,August,GRE,0,False,4273,0.0110112122125759
H2FL01100,2012,FL,1,Jeff,Miller,REP,1,False,238440,0.695984167848824
H2FL01191,2012,FL,1,Calen,Fretts,LIB,0,False,11176,0.0326217038243519
H2FL01209,2012,FL,1,"William Cleave, II",Drummond,W,0,False,17,4.96214177714729e-05
H8FL01099,2012,FL,1,Jim,Bryan,DEM,0,False,92961,0.271344506909053
H0FL02086,2012,FL,2,Al,Lawson,DEM,0,False,157634,0.472356900137242
H0FL02110,2012,FL,2,Steve,Southerland,REP,1,False,175856,0.526959888288915
H2FL02132,2012,FL,2,Floyd Patrick,Miller,W,0,False,228,0.000683211573843784
H2FL03130,2012,FL,3,Philip,Dodds,NPA,0,False,8870,0.028099053122099402
H2FL06109,2012,FL,3,Ted,Yoho,REP,1,False,204331,0.6472951097510369
H2FL28012,2012,FL,3,J.R.,Gaillot,DEM,0,False,102468,0.324605837126864
H0FL04066,2012,FL,4,Ander,Crenshaw,REP,1,False,239988,0.7607316068088881
H0FL04116,2012,FL,4,Gary,Koniz,W,0,False,246,0.0007797888864234321
H2FL04112,2012,FL,4,Jim,Klauder,NPA,0,False,75236,0.238488604304688
H2FL03056,2012,FL,5,Corrine,Brown,DEM,1,False,190472,0.707671844638551
H2FL05176,2012,FL,5,LeAnne,Kolb,REP,0,False,70700,0.262675875802982
H2FL05184,2012,FL,5,Eileen,Fleming,NPA,0,False,7978,0.029641133481700003
H2FL05192,2012,FL,5,Bruce Ray,Riggs,W,0,False,3,1.1146076766746102e-05
H0FL07077,2012,FL,6,Heather,Beaven,DEM,0,False,146489,0.427766308172556
H2FL00292,2012,FL,6,Ron,Desantis,REP,1,False,195962,0.572233691827444
H2FL07123,2012,FL,7,Jason H.,Kendall,DEM,0,False,130479,0.41289516154552103
H2FL07131,2012,FL,7,Fred,Marra,W,0,False,13,4.11379386728268e-05
H2FL08055,2012,FL,7,John,Mica,REP,1,False,185518,0.587063700515807
H0FL15054,2012,FL,8,Shannon,Roberts,DEM,0,False,130870,0.375083474487617
H2FL08071,2012,FL,8,Richard H.,Gillmor,NPA,0,False,12607,0.0361326305712951
H8FL15107,2012,FL,8,Bill,Posey,REP,1,False,205432,0.5887838949410881
H6FL08213,2012,FL,9,Alan,Grayson,DEM,1,False,164891,0.625186258042746
H6FL08247,2012,FL,9,Todd,Long,REP,0,False,98856,0.37481374195725503
H0FL08208,2012,FL,10,Daniel,Webster,REP,1,False,164649,0.517326538242807
H2FL08063,2012,FL,10,Val B.,Demings,DEM,0,False,153574,0.482528929930342
H2FL10168,2012,FL,10,Naipaul,Seegolam,W,0,False,46,0.000144531826850871
H0FL05139,2012,FL,11,"Richard B. ""Rich""",Nugent,REP,1,False,218360,0.64477076031335
H2FL05150,2012,FL,11,H. David,Werder,DEM,0,False,120303,0.35522923968665
H2FL09103,2012,FL,12,Jonathan Michael,Snow,DEM,0,False,108770,0.329439344331808
H2FL12065,2012,FL,12,Paul Sidney,Elliott,NPA,0,False,4915,0.014886405970312
H4FL05032,2012,FL,12,John,Russell,NPA,0,False,6878,0.0208318820475699
H6FL09070,2012,FL,12,Gus Michael,Bilirakis,REP,1,False,209604,0.63484236765031
H2FL10150,2012,FL,13,Jessica,Ehrlich,DEM,0,False,139742,0.424300206165534
H6FL06035,2012,FL,13,C.W . Bill,Young,REP,1,False,189605,0.575699793834466
H2FL11091,2012,FL,14,"Evelio ""EJ""",Otero,REP,0,False,83480,0.297504285444457
H6FL11126,2012,FL,14,Kathy,Castor,DEM,1,False,197121,0.702495714555543
H2FL13188,2012,FL,16,Keith,Fitzgerald,DEM,0,False,161929,0.463878926079135
H6FL13148,2012,FL,16,Vern,Buchanan,REP,1,False,187147,0.536121073920865
H2FL00300,2012,FL,17,William,Bronson,DEM,0,False,116766,0.413673627004315
H2FL17080,2012,FL,17,Tom,Baumann,W,0,False,12,4.25130904891131e-05
H8FL16022,2012,FL,17,Tom,Rooney,REP,1,False,165488,0.5862838599051959
H2FL18070,2012,FL,18,Marilyn Davis,Holloman,W,0,False,55,0.000166331483525623
H2FL22072,2012,FL,18,Patrick,Murphy,DEM,1,False,166257,0.5027958810276261
H8FL22038,2012,FL,18,Allen B.,West,REP,0,False,164353,0.497037787488848
H0FL14065,2012,FL,19,Jim,Roach,DEM,0,False,109746,0.35839407477074997
H2FL14194,2012,FL,19,Trey,Radel,REP,1,False,189833,0.6199316822112501
H2FL19102,2012,FL,19,Brandon M.,Smith,NPA,0,False,6637,0.021674243018000403
H2FL20100,2012,FL,20,Randall,Terry,NPA,0,False,29553,0.120977546717973
H2FL20118,2012,FL,20,Anthony M.,Dutrow,W,0,False,5,2.04678961049594e-05
H2FL23021,2012,FL,20,Alcee L.,Hastings,DEM,1,False,214727,0.8790019853859221
H0FL19080,2012,FL,21,Ted,Deutch,DEM,1,False,221263,0.7779992967651199
H2FL19094,2012,FL,21,Cesar,Henao,NPA,0,False,25361,0.0891736990154712
H2FL21066,2012,FL,21,"W. Michael ""Mike""",Trout,NPA,0,False,37776,0.132827004219409
H2FL14053,2012,FL,22,Lois,Frankel,DEM,1,False,171021,0.546269057178723
H2FL22098,2012,FL,22,Adam,Hasner,REP,0,False,142050,0.453730942821277
H0FL20070,2012,FL,23,Karen,Harrington,REP,0,False,98096,0.35615582906727705
H2FL23096,2012,FL,23,IIya,Katz,NPA,0,False,3129,0.011360418255092
H4FL20023,2012,FL,23,Debbie,Wasserman Schultz,DEM,1,False,174205,0.632483752677631
H0FL20104,2012,FL,25,Stanley,Blumenthal,NPA,0,False,31664,0.158138930924092
H2FL25018,2012,FL,25,Mario,Diaz-Balart,REP,1,False,151466,0.756463848893018
H2FL25059,2012,FL,25,,VoteForEddie.Com,NPA,0,False,17099,0.0853972201828906
H0FL25038,2012,FL,26,David,Rivera,REP,0,False,108820,0.43019169265922697
H2FL18054,2012,FL,26,Jose,Peixoto,NPA,0,False,2717,0.0107409559727543
H2FL26065,2012,FL,26,Angel,Fernandez,NPA,0,False,5726,0.0226362583363971
H8FL25015,2012,FL,26,Joe,Garcia,DEM,1,False,135694,0.536431093031622
H0FL18025,2012,FL,27,Ileana,Ros-Lehtinen,REP,1,False,138488,0.601674407288494
H2FL27014,2012,FL,27,Manny,Yevancey,DEM,0,False,85020,0.369377549734762
H2FL27030,2012,FL,27,Thomas Joe,Cruz-Wiggins,NPA,0,False,6663,0.0289480429767434
H2GA01157,2012,GA,1,Jack,Kingston,REP,1,False,157181,0.629782033816812
H2GA01231,2012,GA,1,Lesli Rae,Messinger,DEM,0,False,92399,0.37021796618318803
H2GA02031,2012,GA,2,Sanford,Bishop,DEM,1,False,162751,0.6378365032273741
H2GA02114,2012,GA,2,John,House,REP,0,False,92410,0.362163496772626
H2GA03146,2012,GA,3,David,Ferguson,W,0,False,105,0.000451642041422027
H4GA08067,2012,GA,3,Lynn,Westmoreland,REP,1,False,232380,0.999548357958578
H2GA04144,2012,GA,4,J. Chris,Vaughn,REP,0,False,75041,0.264264232538157
H2GA04185,2012,GA,4,Rachele,Fruit,W,0,False,2,7.04319592058092e-06
H2GA11016,2012,GA,4,Cynthia,McKinney,W,0,False,58,0.000204252681696847
H6GA04129,2012,GA,4,"Henry C. ""Hank""",Johnson,DEM,1,False,208861,0.735524471584226
H2GA05133,2012,GA,5,Howard,Stopeck,REP,0,False,43335,0.15605587545779598
H2GA05141,2012,GA,5,John,Benson,W,0,False,12,4.32138111340384e-05
H4GA04058,2012,GA,5,Raymond,Davis,W,0,False,12,4.32138111340384e-05
H6GA05217,2012,GA,5,John,Lewis,DEM,1,False,234330,0.8438576969199361
H2GA06115,2012,GA,6,Jeff,Kazanow,DEM,0,False,104365,0.354941945489297
H4GA06087,2012,GA,6,Tom,Price,REP,1,False,189669,0.645058054510703
H0GA07133,2012,GA,7,Rob,Woodall,REP,1,False,156689,0.621618941070989
H2GA07097,2012,GA,7,Steve,Reilly,DEM,0,False,95377,0.37838105892901097
H0GA08099,2012,GA,8,Austin,Scott,REP,1,False,197789,1.0
H2GA09150,2012,GA,9,Doug,Collins,REP,1,False,192101,0.761843008014975
H2GA09200,2012,GA,9,Jody,Cooley,DEM,0,False,60052,0.238156991985025
H6GA09227,2012,GA,10,Brian Russell,Brown,W,0,False,401,0.0018962859277614399
H8GA10049,2012,GA,10,Paul C.,Broun,REP,1,False,211065,0.998103714072239
H2GA11149,2012,GA,11,Phil,Gingrey,REP,1,False,196968,0.6854613347439199
H2GA11180,2012,GA,11,Allan,Levene,W,0,False,30,0.00010440193352380899
H2GA11206,2012,GA,11,Patrick,Thompson,DEM,0,False,90353,0.31443426332255703
H2GA12105,2012,GA,12,Lee,Anderson,REP,0,False,119973,0.46299991123837897
H4GA12010,2012,GA,12,John,Barrow,DEM,1,False,139148,0.537000088761621
H2GA13012,2012,GA,13,David,Scott,DEM,1,False,201988,0.7174448919861619
H2GA13053,2012,GA,13,S.,Malik,REP,0,False,79550,0.282555108013838
H0GA09030,2012,GA,14,Tom,Graves,REP,1,False,159947,0.729711850797474
H2GA14010,2012,GA,14,"Daniel ""Danny""",Grant,DEM,0,False,59245,0.270288149202526
H2GU00033,2012,GU,0,Madeleine Z.,Bordallo,DEM,1,False,19765,0.5988305156638191
H2GU00066,2012,GU,0,"Frank Flores, Jr.",Blas,REP,0,False,12995,0.39371629400715
H0HI01157,2012,HI,1,Charles K.,Djou,REP,0,False,96824,0.45387171926929804
H2HI02110,2012,HI,1,Colleen W.,Hanabusa,DEM,1,False,116505,0.546128280730702
H2HI02508,2012,HI,2,Tulsi,Gabbard,DEM,1,False,168503,0.805425170880933
H2HI02524,2012,HI,2,Kawika,Crowley,REP,0,False,40707,0.19457482911906698
H0IA01117,2012,IA,1,Ben,Lange,REP,0,False,162465,0.41567203702708705
H2IA01063,2012,IA,1,Gregory,Hughes,NP,0,False,4772,0.0122093186882914
H2IA01071,2012,IA,1,"George Todd, II",Krail,NP,0,False,931,0.00238199406932089
H6IA01055,2012,IA,1,Bruce,Braley,DEM,1,False,222422,0.569073990211053
H2IA02053,2012,IA,2,John,Archer,REP,0,False,161977,0.424829847223133
H2IA02103,2012,IA,2,Alan,Aversa,NP,0,False,7112,0.0186532030686512
H6IA02146,2012,IA,2,Dave,Loebsack,DEM,1,False,211863,0.555669792144777
H0IA03170,2012,IA,3,Scott G.,Batcher,NP,0,False,9352,0.024175244673536
H2IA03085,2012,IA,3,David,Rosenfeld,SWP,0,False,6286,0.0162495282311641
H4IA05102,2012,IA,3,Tom,Latham,REP,1,False,202000,0.522177012837282
H6IA03144,2012,IA,3,Leonard,Boswell,DEM,0,False,168632,0.435919574399884
H0IA05100,2012,IA,4,Martin James,Monroe,NP,0,False,8124,0.0214987178571145
H2IA04117,2012,IA,4,Christie,Vilsack,DEM,0,False,169470,0.44847214614047204
H2IA05072,2012,IA,4,Steve,King,REP,1,False,200063,0.529431067288023
H0ID01253,2012,ID,1,Raul R.,Labrador,REP,1,False,199402,0.629576539826474
H2ID01101,2012,ID,1,Jimmy,Farris,DEM,0,False,97450,0.307681135625971
H2ID01127,2012,ID,1,,Pro-Life,IND,0,False,7607,0.0240177567850873
H2ID01135,2012,ID,1,Rob,Oates,LIB,0,False,12265,0.0387245677624683
H0ID02053,2012,ID,2,Jack Wayne,Chappell,DEM,0,False,235,0.000737847494772272
H2ID02133,2012,ID,2,Nicole,LeFavour,DEM,0,False,110847,0.348034813842647
H81D02064,2012,ID,2,Mike,Simpson,REP,1,False,207412,0.651227338662581
H2IL01042,2012,IL,1,Bobby L.,Rush,DEM,1,False,236854,0.738221690291855
H2IL01166,2012,IL,1,Donald E.,Peloquin,REP,0,False,83989,0.261775192928651
H2IL02107,2012,IL,2,Anthony W.,Williams,W,0,False,288,0.0009673778685440961
H2IL02149,2012,IL,2,Brian,Woodworth,REP,0,False,69115,0.232153893695921
H2IL02156,2012,IL,2,Marcus,Lewis,IND,0,False,40006,0.134378191003386
H6IL02124,2012,IL,2,"Jesse L., Jr.",Jackson,DEM,1,False,188303,0.632500537432149
H2IL03121,2012,IL,3,Richard L.,Grabowski,REP,0,False,77653,0.315152720395458
H4IL03077,2012,IL,3,Daniel William,Lipinski,DEM,1,False,168738,0.684818870283038
H2IL04145,2012,IL,4,Hector,Concepcion,W,0,False,27279,0.16995308674279902
H2IL08039,2012,IL,4,Luis V.,Gutierrez,DEM,1,False,133226,0.830021992536244
H0IL05096,2012,IL,5,Mike,Quigley,DEM,1,False,177729,0.657337717335424
H2IL05183,2012,IL,5,Nancy,Wade,GRE,0,False,15359,0.05680586736297841
H4IL11047,2012,IL,5,Dan,Schmitt,REP,0,False,77289,0.285856415301597
H2IL06058,2012,IL,6,Leslie,Coolidge,DEM,0,False,132991,0.407786489395301
H6IL06117,2012,IL,6,Peter J.,Roskam,REP,1,False,193138,0.592213510604699
H2IL07106,2012,IL,7,Rita,Zak,REP,0,False,31466,0.109853893553511
H2IL07114,2012,IL,7,John H.,Monaghan,IND,0,False,12523,0.0437202157557561
H4IL07037,2012,IL,7,Danny K.,Davis,DEM,1,False,242439,0.846401452336481
H0IL08090,2012,IL,8,Joe,Walsh,REP,0,False,101860,0.452578354793705
H6IL06141,2012,IL,8,Tammy,Duckworth,DEM,1,False,123206,0.547421645206295
H2IL09110,2012,IL,9,Timothy C.,Wolfe,REP,0,False,98924,0.336697219603345
H8IL09067,2012,IL,9,Janice D.,Schakowsky,DEM,1,False,194869,0.663255130068378
H0IL10302,2012,IL,10,Robert,Dold,REP,0,False,130564,0.49371157176673497
H2IL10068,2012,IL,10,Brad,Schneider,DEM,1,False,133890,0.506288428233266
H8IL13069,2012,IL,11,Judy,Biggert,REP,0,False,105348,0.414274759629564
H8IL14067,2012,IL,11,Bill,Foster,DEM,1,False,148928,0.585650523997719
H2IL12098,2012,IL,12,Jason,Plummer,REP,0,False,129902,0.427380909297283
H2IL12122,2012,IL,12,William L.,Enyart,DEM,1,False,157000,0.516534023800045
H2IL12130,2012,IL,12,Paula,Bradshaw,GRE,0,False,17047,0.0560850669026712
H2IL13120,2012,IL,13,Rodney,Davis,REP,1,False,137034,0.465492467347181
H2IL13138,2012,IL,13,John,Hartman,IND,0,False,21319,0.0724187713368548
H4IL15055,2012,IL,13,David M.,Gill,DEM,0,False,136032,0.462088761315964
H0IL14080,2012,IL,14,Randy M.,Hultgren,REP,1,False,177603,0.5881789941514269
H2IL14078,2012,IL,14,Dennis,Anderson,DEM,0,False,124351,0.411821005848573
H2IL15083,2012,IL,15,Angela,Michael,DEM,0,False,94162,0.313939260578055
H2IL20042,2012,IL,15,John M.,Shimkus,REP,1,False,205775,0.686060739421945
H0IL11052,2012,IL,16,Adam,Kinzinger,REP,1,False,181789,0.618140705226291
H2IL16057,2012,IL,16,Wanda,Rohl,DEM,0,False,112301,0.381859294773709
H0IL17059,2012,IL,17,Bobby,Schilling,REP,0,False,134623,0.4671798057336
H2IL17071,2012,IL,17,Cheri,Bustos,DEM,1,False,153519,0.5327542589038771
H2IL17089,2012,IL,17,Eric,Reyes,W,0,False,10,3.47028223805442e-05
H4IL18091,2012,IL,18,Steve,Waterworth,DEM,0,False,85164,0.258361622541569
H8IL18043,2012,IL,18,Aaron,Schock,REP,1,False,244467,0.741638377458431
H2IN01123,2012,IN,1,Joel,Phelps,REP,0,False,91291,0.327168015367303
H4IN01012,2012,IN,1,Peter J.,Visclosky,DEM,1,False,187743,0.672831984632697
H0IN02190,2012,IN,2,Jackie,Walorski,REP,1,False,134033,0.490110613401591
H2IN02204,2012,IN,2,Brendan,Mullen,DEM,0,False,130113,0.475776579211994
H2IN02246,2012,IN,2,Joseph Wayne,Ruiz,LIB,0,False,9326,0.0341018374622909
H2IN02253,2012,IN,2,"Kenneth R., Jr.",Lunce,W,0,False,3,1.09699241246915e-05
H0IN03198,2012,IN,3,Marlin A.,Stutzman,REP,1,False,187872,0.67040876407301
H6IN00027,2012,IN,3,Kevin R.,Boyd,DEM,0,False,92363,0.32959123592699
H0IN04170,2012,IN,4,Todd,Rokita,REP,1,False,168688,0.6195660158373371
H2IN04135,2012,IN,4,Tara E.,Nelson,DEM,0,False,93015,0.34163030543435197
H2IN04150,2012,IN,4,Benjamin J.,Gelhausen,LIB,0,False,10565,0.0388036787283118
H0IN05169,2012,IN,5,Chard,Reid,LIB,0,False,13442,0.0403228951370745
H2IN05082,2012,IN,5,Susan,Brooks,REP,1,False,194570,0.58366505779055
H2IN05090,2012,IN,5,Scott,Reske,DEM,0,False,125347,0.376012047072375
H0IN02125,2012,IN,6,Luke,Messer,REP,1,False,162613,0.590776485633217
H2IN06213,2012,IN,6,Bradley T.,Bookout,DEM,0,False,96678,0.351233229065623
H2IN06270,2012,IN,6,Rex,Bell,LIB,0,False,15962,0.057990285301159294
H0IN07157,2012,IN,7,Carlos A.,May,REP,0,False,95828,0.371498352393875
H8IN07184,2012,IN,7,Andre D.,Carson,DEM,1,False,162122,0.628501647606125
H0IN08114,2012,IN,8,Larry D.,Bucshon,REP,1,False,151533,0.5335819318854049
H2IN08094,2012,IN,8,Dave,Crooks,DEM,0,False,122325,0.430733964337024
H2IN08144,2012,IN,8,Bart,Gadau,LIB,0,False,10134,0.0356841037775712
H0IN09070,2012,IN,9,Todd,Young,REP,1,False,165332,0.554470454088135
H2IN09167,2012,IN,9,Shelli,Yoder,DEM,0,False,132848,0.445529545911865
H6KS01146,2012,KS,1,Tim,Huelskamp,REP,1,False,211337,1.0
H0KS02097,2012,KS,2,Dennis,Hawver,LIB,0,False,12520,0.0426259201002322
H2KS02119,2012,KS,2,Tobias,Schlingensiepen,DEM,0,False,113735,0.387225161549514
H8KS02090,2012,KS,2,Lynn,Jenkins,REP,1,False,167463,0.570148918350254
H0KS03137,2012,KS,3,Kevin,Yoder,REP,1,False,201087,0.684523525847455
H8KS03056,2012,KS,3,Joel,Balam,LIB,0,False,92675,0.315476474152545
H0KS04051,2012,KS,4,Mike,Pompeo,REP,1,False,161094,0.6221719282254891
H0KS04101,2012,KS,4,Robert Leon,Tillman,DEM,0,False,81770,0.315809394334973
H2KS04107,2012,KS,4,Thomas,Jefferson,LIB,0,False,16058,0.0620186774395378
H4KY01016,2012,KY,1,Charles Kendall,Hatchett,DEM,0,False,87199,0.303665267886681
H4KY01040,2012,KY,1,Edward,Whitfield,REP,1,False,199956,0.6963347321133191
H2KY02083,2012,KY,2,David Lynn,Williams,DEM,0,False,89541,0.317220929120301
H2KY02109,2012,KY,2,Craig R.,Astor,LIB,0,False,4914,0.0174090488792526
H2KY02117,2012,KY,2,Andrew R.,Beacham,IND,0,False,6304,0.022333464414898
H8HY02031,2012,KY,2,S. Brett,Guthrie,REP,1,False,181508,0.643036557585548
H0KY03226,2012,KY,3,Brooks,Wicker,REP,0,False,111452,0.345420509768918
H2KY03164,2012,KY,3,"Robert L., Jr.",Devore,IND,0,False,4819,0.014935411087969901
H6KY03124,2012,KY,3,John A.,Yarmuth,DEM,1,False,206385,0.639644079143112
H2KY04121,2012,KY,4,Thomas,Massie,REP,1,False,186036,0.621271423037363
H2KY04139,2012,KY,4,"William R. ""Bill""",Adkins,DEM,0,False,104734,0.34976155808765597
H2KY04188,2012,KY,4,David,Lewis,IND,0,False,8674,0.0289670188749816
H0KY05015,2012,KY,5,"Harold ""Hal""",Rogers,REP,1,False,195408,0.778967929680493
H6KY05111,2012,KY,5,Kenneth S.,Stepp,DEM,0,False,55447,0.221032070319507
H0KY06104,2012,KY,6,"Garland ""Andy""",Barr,REP,1,False,153222,0.505683168316832
H2KY06167,2012,KY,6,Randolph,Vance,IND,0,False,8340,0.0275247524752475
H4KY06072,2012,KY,6,Ben,Chandler,DEM,0,False,141438,0.46679207920792104
H0LA01087,2012,LA,1,"""Steve""",Scalise,REP,1,False,193496,0.6662855962260249
H0LA01186,2012,LA,1,Arden,Wells,NPA,0,False,4288,0.014765331772321899
H2LA01075,2012,LA,1,Gary,King,REP,0,False,24844,0.0855480183189284
H2LA01083,2012,LA,1,"David ""Turk""",Turknett,NPA,0,False,6079,0.020932474777039398
H6LA02173,2012,LA,1,"M. V. ""Vinny""",Mendoza,DEM,0,False,61703,0.212468578905685
H2LA02099,2012,LA,2,Josue,Larose,REP,0,False,11345,0.0394809190058256
H2LA02107,2012,LA,2,Gary,Landrieu,DEM,0,False,71916,0.250269702179194
H2LA02115,2012,LA,2,Dwayne,Bailey,REP,0,False,38801,0.135028571030854
H2LA02123,2012,LA,2,Caleb,Trotter,LIB,0,False,6791,0.0236328709535973
H8LA02054,2012,LA,2,Cedric,Richmond,DEM,1,False,158501,0.55158793683053
H0LA03141,2012,LA,3,"""Jeff""",Landry,REP,0,False,93527,0.30035036111922897
H2LA03055,2012,LA,3,"""Ron""",Richard,DEM,0,False,67070,0.215386986862261
H2LA03063,2012,LA,3,Bryan,Barrilleaux,REP,0,False,7908,0.025395561236122802
H2LA03071,2012,LA,3,"""Jim""",Stark,LIB,0,False,3765,0.012090830558169301
H4LA07029,2012,LA,3,"Charles W., Jr.",Boustany,REP,0,False,139123,0.44677626022421796
H2LA04129,2012,LA,4,Randall,Lord,LIB,0,False,61637,0.24701139337397
H8LA04225,2012,LA,4,John,Fleming,REP,1,False,187894,0.7529886066260301
H2LA05084,2012,LA,5,Rodney,Alexander,REP,1,False,202536,0.7783379961262951
H2LA05118,2012,LA,5,Clay Steven,Grant,LIB,0,False,20194,0.07760475912319001
H4LA07011,2012,LA,5,"""Ron""",Ceasar,NPA,0,False,37486,0.14405724475051498
H4LA02038,2012,LA,6,"Richard ""RPT""",Torregano,NPA,0,False,30975,0.100990176484205
H4LA06047,2012,LA,6,"Rufus Holt, Jr.",Craig,LIB,0,False,32185,0.10493523261159501
H8LA00017,2012,LA,6,"William ""Bill""",Cassidy,REP,1,False,243553,0.7940745909042001
H8MA02041,2012,MA,1,Richard E.,Neal,DEM,1,False,261936,0.9842296896664451
H4MA03022,2012,MA,2,James P.,McGovern,DEM,1,False,259257,0.984514022063152
H0MA05066,2012,MA,3,Jonathan A.,Golnik,REP,0,False,109372,0.339925346461416
H8MA05143,2012,MA,3,Nicola S.,Tsongas,DEM,1,False,212119,0.659260364316727
H0MA04127,2012,MA,4,Sean,Bielat,REP,0,False,129936,0.358696462339025
H0MA09027,2012,MA,4,David A.,Rosa,IND,0,False,10741,0.029651202915154096
H2MA04073,2012,MA,4,"Joseph P., III",Kennedy,DEM,1,False,221303,0.610920785656117
H4MA05043,2012,MA,5,Tom,Tierney,REP,0,False,82944,0.243159811086779
H6MA07101,2012,MA,5,Edward J.,Markey,DEM,1,False,257490,0.7548613493047679
H2MA00014,2012,MA,6,Richard R.,Tisei,REP,0,False,176612,0.471207848305928
H2MA06078,2012,MA,6,Daniel,Fishman,LIB,0,False,16739,0.0446603185105935
H4MA06033,2012,MA,6,John F.,Tierney,DEM,1,False,180942,0.482760460717116
H2MA08058,2012,MA,7,Karla,Romero,IND,0,False,41199,0.162947523295733
H8MA08071,2012,MA,7,Michael E.,Capuano,DEM,1,False,210794,0.8337182996092329
H2MA08066,2012,MA,8,Joe,Selvaggi,REP,0,False,82242,0.237137807047643
H2MA09072,2012,MA,8,Stephen F.,Lynch,DEM,1,False,263999,0.761218646467384
H0MA10082,2012,MA,9,William Richard,Keating,DEM,1,False,212754,0.587061436790331
H2MA09189,2012,MA,9,Christopher,Sheldon,REP,0,False,116531,0.32154909562506
H2MA09205,2012,MA,9,Daniel S.,Botelho,IND,0,False,32655,0.0901063727045709
H2MD01147,2012,MD,1,Wendy,Rosen,DEM,0,False,92812,0.274786830885836
H2MD01154,2012,MD,1,John,LaFerla,DEM,0,False,14858,0.0439898152534344
H2MD01170,2012,MD,1,Muir Wayne,Boda,LIB,0,False,12857,0.0380654902889626
H2MD01188,2012,MD,1,Michael,Calpino,W,0,False,71,0.00021020843202273798
H2MD01212,2012,MD,1,Douglas Dryden,Rae,W,0,False,26,7.697773567029841e-05
H8MD01094,2012,MD,1,Andy,Harris,REP,1,False,214204,0.634189957366177
H2MD02160,2012,MD,2,C. A. Dutch,Ruppersberger,DEM,1,False,194088,0.6558356423599381
H2MD02236,2012,MD,2,Nancy C.,Jacobs,REP,0,False,92071,0.311113739271474
H2MD02293,2012,MD,2,Leo Wayne,Dymowski,LIB,0,False,9344,0.0315739676961546
H8MD07042,2012,MD,2,Ray,Bly,W,0,False,22,7.433939312022711e-05
H2MD03143,2012,MD,3,Eric Delano,Knowles,REP,0,False,94549,0.29559587193107
H2MD03168,2012,MD,3,"Paul W., Jr.",Drgos,LIB,0,False,11028,0.0344776917329198
H6MD03292,2012,MD,3,John,Sarbanes,DEM,1,False,213747,0.66825382434135
H2MD04273,2012,MD,4,Faith M.,Loudon,REP,0,False,64560,0.207247232851383
H2MD04299,2012,MD,4,Scott,Soffen,LIB,0,False,6204,0.019915765684789
H6MD04183,2012,MD,4,Donna F.,Edwards,DEM,1,False,240385,0.77167171730142
H2MD05155,2012,MD,5,Steny H.,Hoyer,DEM,1,False,238618,0.69402012681054
H2MD05445,2012,MD,5,Bob,Auerbach,GRE,0,False,5040,0.0146588331103484
H2MD05478,2012,MD,5,Tony,O'Donnell,REP,0,False,95271,0.277095573265081
H2MD05510,2012,MD,5,Arvin,Vohra,LIB,0,False,4503,0.0130969693444244
H2MD06054,2012,MD,6,Roscoe G.,Bartlett,REP,0,False,117313,0.378980387596148
H2MD06195,2012,MD,6,John,Delaney,DEM,1,False,181921,0.587696939741366
H2MD06252,2012,MD,6,Nickolaus,Mueller,LIB,0,False,9916,0.0320337006419016
H0MD07056,2012,MD,7,Charles U.,Smith,W,0,False,28,8.64683247997332e-05
H0MD07072,2012,MD,7,Frank C.,Mirabile,REP,0,False,67405,0.208157051183072
H2MD07060,2012,MD,7,Ty Glen,Busch,W,0,False,10,3.08815445713333e-05
H6MD07160,2012,MD,7,Elijah,Cummings,DEM,1,False,247770,0.765152029843925
H8MD07067,2012,MD,7,Ronald M.,Owens-Bey,LIB,0,False,8211,0.0253568362475218
H0MD08138,2012,MD,8,Mark,Grannis,LIB,0,False,7235,0.021077563101591798
H2MD08126,2012,MD,8,Chris,Van Hollen,DEM,1,False,217531,0.6337281795511219
H2MD08159,2012,MD,8,Ken,Timmerman,REP,0,False,113033,0.32929650173631303
H2MD08175,2012,MD,8,George,Gluck,GRE,0,False,5064,0.0147528375323374
H2ME01123,2012,ME,1,Jonathan T.E.,Courtney,REP,0,False,128440,0.352080437934995
H8ME01120,2012,ME,1,Chellie,Pingree,DEM,1,False,236363,0.647919562065005
H2ME02071,2012,ME,2,Kevin L.,Raye,REP,0,False,137542,0.418063331691986
H2ME02097,2012,ME,2,Michael H.,Michaud,DEM,1,False,191456,0.5819366683080139
H0MI01088,2012,MI,1,Dan,Benishek,REP,1,False,167060,0.481389592464204
H0MI01153,2012,MI,1,Gary,McDowell,DEM,0,False,165179,0.475969421128007
H0MI01187,2012,MI,1,Ellis,Boal,GRE,0,False,4168,0.0120102467460242
H2MI01126,2012,MI,1,Emily,Salvette,LIB,0,False,10630,0.0306307396617652
H0MI02086,2012,MI,2,Ronald E.,Graeser,UST,0,False,3176,0.00997904275341144
H0MI02094,2012,MI,2,Bill,Huizenga,REP,1,False,194653,0.611602836612027
H2MI02132,2012,MI,2,"Willie, Jr.",German,W,0,False,108973,0.34239490742049905
H2MI02140,2012,MI,2,Mary,Buzuma,LIB,0,False,8750,0.027492639827566202
H8MI12096,2012,MI,2,William J.,Opalicky,GRE,0,False,2715,0.00853057338649624
H0MI03126,2012,MI,3,Justin,Amash,REP,1,False,171675,0.526153676409742
H2MI03148,2012,MI,3,Steve,Pestka,DEM,0,False,144108,0.441665670598836
H2MI03155,2012,MI,3,Bill,Gelineau,LIB,0,False,10498,0.0321745233432327
H0MI10071,2012,MI,4,Dave,Camp,REP,1,False,197386,0.63072896861789
H2MI04237,2012,MI,4,Debra Freidell,Wirth,DEM,0,False,104996,0.33550514620593097
H2MI04245,2012,MI,4,John,Gelineau,LIB,0,False,4285,0.0136923268647607
H2MI04252,2012,MI,4,Pat,Timmons,GRE,0,False,2776,0.00887045493035606
H8MI08086,2012,MI,4,George M.,Zimmer,UST,0,False,3506,0.011203103381062101
H2MI05119,2012,MI,5,Daniel T.,Kildee,DEM,1,False,214531,0.6498064492679001
H2MI05127,2012,MI,5,Jim,Slezak,REP,0,False,103931,0.314803147698291
H2MI05143,2012,MI,5,Gregory,Creswell,LIB,0,False,4990,0.0151145250889001
H2MI05150,2012,MI,5,David,Davenport,NPA,0,False,6694,0.0202758779449092
H2MI06075,2012,MI,6,Mike,O'Brien,DEM,0,False,136563,0.42612684296747
H2MI06083,2012,MI,6,Christie,Gelineau,LIB,0,False,6366,0.01986426398315
H2MI06091,2012,MI,6,Jason,Gatties,UST,0,False,2591,0.008084874015133789
H6MI04113,2012,MI,6,Fred,Upton,REP,1,False,174955,0.545924019034246
H0MI07119,2012,MI,7,Richard E.,Wunsch,GRE,0,False,3464,0.010890718680537901
H2MI07073,2012,MI,7,Ken,Proctor,LIB,0,False,8088,0.0254284447714175
H2MI07099,2012,MI,7,Kurt Richard,Haskell,DEM,0,False,136849,0.430249411291261
H4MI07103,2012,MI,7,Tim,Walberg,REP,1,False,169668,0.533431425256784
H0MI08042,2012,MI,8,Mike,Rogers,REP,1,False,202217,0.586044503179213
H0MI08091,2012,MI,8,Lance,Enderle,DEM,0,False,128657,0.37286047980895703
H2MI08139,2012,MI,8,Preston,Brooks,NPA,0,False,6097,0.0176696980762431
H2MI08147,2012,MI,8,Daniel,Goebel,LIB,0,False,8083,0.0234253189355869
H0MI12127,2012,MI,9,Don,Volaric,REP,0,False,114760,0.34021510986730497
H0MI12135,2012,MI,9,Julia,Williams,GRE,0,False,4708,0.0139572389095092
H2MI09137,2012,MI,9,Jim,Fulner,LIB,0,False,6100,0.0180839331665263
H2MI17023,2012,MI,9,Sander,Levin,DEM,1,False,208846,0.619140509196125
H6MI12231,2012,MI,9,Les,Townsend,UST,0,False,2902,0.008603208860534341
H0MI08109,2012,MI,10,Bhagwan,Dashairya,LIB,0,False,4803,0.0146160213260623
H2MI10101,2012,MI,10,Chuck,Stadler,DEM,0,False,97734,0.297414580112717
H6MI12181,2012,MI,10,Candice S.,Miller,REP,1,False,226075,0.687969398561221
H2MI11117,2012,MI,11,Syed,Taj,DEM,0,False,158879,0.443623844373274
H2MI11133,2012,MI,11,Kerry,Bentivolio,REP,1,False,181788,0.507590628219769
H2MI11208,2012,MI,11,Steven Paul,Duke,GRE,0,False,4569,0.0127576164561804
H2MI11216,2012,MI,11,Daniel,Johnson,NLP,0,False,3251,0.00907748108974449
H8MI11247,2012,MI,11,John J.,Tatar,LIB,0,False,9637,0.026908546681595702
H2MI12156,2012,MI,12,Cynthia,Kallgren,REP,0,False,92472,0.289678375305038
H6MI16034,2012,MI,12,John D.,Dingell,DEM,1,False,216884,0.6794121977426439
H8MI14092,2012,MI,12,Richard J.,Secula,LIB,0,False,9867,0.030909426952318603
H2MI13162,2012,MI,13,Harry T.,Sawicki,REP,0,False,38769,0.136380905477187
H2MI13170,2012,MI,13,Chris,Sharer,LIB,0,False,6076,0.0213740458015267
H2MI13188,2012,MI,13,Martin,Gray,UST,0,False,4089,0.0143842121926338
H6MI01028,2012,MI,13,"John, Jr.",Conyers,DEM,1,False,235336,0.827860836528652
H0MI13414,2012,MI,14,John,Hauler,REP,0,False,51395,0.15631463052629
H8MI05108,2012,MI,14,Leonard,Schwartz,LIB,0,False,3968,0.012068420156208199
H8MI09068,2012,MI,14,Gary,Peters,DEM,1,False,270450,0.822556509890752
H8MI09084,2012,MI,14,Douglas,Campbell,GRE,0,False,2979,0.00906043942675004
H0MN01037,2012,MN,1,Allen,Quist,REP,0,False,142164,0.423258306538049
H6MN01174,2012,MN,1,Tim,Walz,DFL,1,False,193211,0.575238180302489
H2MN02122,2012,MN,2,Mike,Obermueller,DFL,0,False,164338,0.45847352181360695
H8MN06047,2012,MN,2,John,Kline,REP,1,False,193587,0.540072981704357
H2MN03070,2012,MN,3,Brian,Barnes,DFL,0,False,159937,0.417911968748775
H8MN03077,2012,MN,3,Erik,Paulsen,REP,1,False,222335,0.580956611489267
H0MN04049,2012,MN,4,Betty,McCollum,DFL,1,False,216685,0.622674149618812
H0MN04163,2012,MN,4,Steve,Carlson,IDP,0,False,21135,0.0607343293361035
H2MN04110,2012,MN,4,Tony,Hernandez,REP,0,False,109659,0.315120218626344
H2MN05133,2012,MN,5,Chris,Fields,REP,0,False,88753,0.252161411942529
H6MN05183,2012,MN,5,Keith,Ellison,DFL,1,False,262102,0.7446735365898699
H2MN06198,2012,MN,6,Jim,Graves,DFL,0,False,174944,0.492587701638449
H6MN06074,2012,MN,6,Michele,Bachmann,REP,1,False,179240,0.504683896799408
H0MN07059,2012,MN,7,Lee,Byberg,REP,0,False,114151,0.34847180501624103
H2MN07014,2012,MN,7,Collin C.,Peterson,DFL,1,False,197791,0.6038018658265559
H2MN07097,2012,MN,7,Adam,Steele,IDP,0,False,15298,0.046700612987520505
H0MN08115,2012,MN,8,Chip,Cravaack,REP,0,False,160520,0.453878409672485
H2MN08111,2012,MN,8,Richard,Nolan,DFL,1,False,191976,0.542821838869206
H0MO01066,2012,MO,1,Lacy,Clay,DEM,1,False,267927,0.786671677682092
H0MO01132,2012,MO,1,Robyn,Hamlin,REP,0,False,60832,0.178611381073042
H6MO01246,2012,MO,1,Robb E.,Cunningham,LIB,0,False,11824,0.0347169412448654
H2MO02102,2012,MO,2,Ann,Wagner,REP,1,False,236971,0.600766133939074
H2MO02128,2012,MO,2,Glenn,Koenen,DEM,0,False,146272,0.370827079868576
H2MO02144,2012,MO,2,Anatol,Zorikova,CON,0,False,2012,0.00510079909138847
H2MO02151,2012,MO,2,Bill,Slantz,LIB,0,False,9193,0.023305987100961302
H0MO09150,2012,MO,3,Steven,Wilson,LIB,0,False,12353,0.036505755278750496
H2MO03134,2012,MO,3,Eric C.,Mayer,DEM,0,False,111189,0.32858726007358496
H8MO09153,2012,MO,3,Blaine,Luetkemeyer,REP,1,False,214843,0.634906984647665
H0MO04086,2012,MO,4,Vicky,Hartzler,REP,1,False,192237,0.603147560734556
H0MO04102,2012,MO,4,Greg,Cowan,CON,0,False,2959,0.0092839236578471
H2MO04082,2012,MO,4,Teresa,Hensley,DEM,0,False,113120,0.354916338011377
H2MO04108,2012,MO,4,Thomas,Holbrook,LIB,0,False,10407,0.0326521775962199
H4MO05234,2012,MO,5,"Emanuel, II",Cleaver,DEM,1,False,200290,0.6052117893769909
H6MO05189,2012,MO,5,Jacob,Turk,REP,0,False,122149,0.36909488671731
H6MO05197,2012,MO,5,Randall (Randy),Langkraehr,LIB,0,False,8497,0.0256751938406126
H0MO06073,2012,MO,6,Sam,Graves,REP,1,False,216906,0.6500263719402559
H0MO06172,2012,MO,6,Kyle,Yarber,DEM,0,False,108503,0.325163026539762
H2MO06228,2012,MO,6,Russ Lee,Monchil,LIB,0,False,8279,0.024810601519982697
H0MO07113,2012,MO,7,Billy,Long,REP,1,False,203565,0.638655330363306
H2MO07093,2012,MO,7,Jim,Evans,DEM,0,False,98498,0.309023028173433
H4MO07107,2012,MO,7,Kevin,Craig,LIB,0,False,16668,0.052293405283303
H0MO08277,2012,MO,8,Rick,Vandeven,LIB,0,False,10553,0.0351308794204886
H2MO08075,2012,MO,8,Jack,Rushin,DEM,0,False,73755,0.245529992576342
H6MO08084,2012,MO,8,Jo Ann,Emerson,REP,1,False,216083,0.719339128003169
H2MP00010,2012,MP,0,Ignacia Tudela,Demapan,REP,0,False,2503,0.20296788842037
H8MP00041,2012,MP,0,Gregorio Kilili Camacho,Sablan,IND,1,False,9829,0.7970321115796299
H0MS01043,2012,MS,1,Alan,Nunnelee,REP,1,False,186760,0.604055282249326
H2MS01098,2012,MS,1,Brad,Morris,DEM,0,False,114076,0.368966643702475
H2MS01106,2012,MS,1,Chris,Potts,REF,0,False,2367,0.0076558088085465605
H2MS01114,2012,MS,1,Danny,Bedwell,LIB,0,False,3584,0.011592065386493799
H8MS03026,2012,MS,1,Jim R.,Bourland,CON,0,False,2390,0.00773019985315855
H0MS02066,2012,MS,2,Bill,Marcy,REP,0,False,99160,0.309638900338492
H2MS02138,2012,MS,2,Cobby Mondale,Williams,IND,0,False,4605,0.014379660508862
H2MS02146,2012,MS,2,Lajena,Williams,REF,0,False,1501,0.00468705112351832
H4MS02068,2012,MS,2,Bennie G.,Thompson,DEM,1,False,214978,0.671294388029128
H2MS03128,2012,MS,3,"John ""Luke""",Pannell,REF,0,False,58605,0.199797492175834
H8MS03067,2012,MS,3,Gregg,Harper,REP,1,False,234717,0.8002025078241659
H0MS04120,2012,MS,4,Steven M.,Palazzo,REP,1,False,182998,0.641126432915721
H2MS04217,2012,MS,4,Ron,Williams,LIB,0,False,17982,0.0629992432523333
H2MS04225,2012,MS,4,Matt,Moore,DEM,0,False,82344,0.28848902715883296
H8MS05179,2012,MS,4,Robert W.,Claunch,REF,0,False,2108,0.00738529667311304
H2MT00047,2012,MT,0,Kim,Gillan,DEM,0,False,204939,0.427187643306791
H2MT00096,2012,MT,0,David,Kaiser,LIB,0,False,19333,0.040298911910618296
H2MT01060,2012,MT,0,Steve,Daines,REP,1,False,255468,0.532513444782591
H0NC03107,2012,NC,1,Darryl,Holloman,LIB,0,False,6134,0.018144386007466
H2NC01198,2012,NC,1,Pete,DiLauro,REP,0,False,77288,0.22861808049315802
H4NC01046,2012,NC,1,G. K .,Butterfield,DEM,1,False,254644,0.753237533499376
H0NC02059,2012,NC,2,Renee,Ellmers,REP,1,False,174066,0.558984190599139
H2NC02170,2012,NC,2,Steve,Wilkins,DEM,0,False,128973,0.41417547375215596
H2NC02204,2012,NC,2,Brian,Irving,LIB,0,False,8358,0.026840335648705704
H2NC01081,2012,NC,3,Walter B.,Jones,REP,1,False,195571,0.631108314374687
H2NC03087,2012,NC,3,Erik,Anderson,DEM,0,False,114314,0.36889168562531305
H0NC08163,2012,NC,4,Tim,D'Annunzio,REP,0,False,88951,0.25525058467365896
H6NC04037,2012,NC,4,David,Price,DEM,1,False,259534,0.7447494153263411
H2NC05132,2012,NC,5,Elisabeth,Motsinger,DEM,0,False,148252,0.424551184574896
H4NC05146,2012,NC,5,Virginia,Foxx,REP,1,False,200945,0.5754488154251041
H2NC06072,2012,NC,6,Tony,Foriest,DEM,0,False,142467,0.390766985844101
H4NC06011,2012,NC,6,Howard,Coble,REP,1,False,222116,0.6092330141558989
H2NC07096,2012,NC,7,David,Rouzer,REP,0,False,168041,0.49902891285754997
H8NC07044,2012,NC,7,Mike,McIntyre,DEM,1,False,168695,0.50097108714245
H2NC08185,2012,NC,8,Richard,Hudson,REP,1,False,160695,0.531609765780071
H2NC08219,2012,NC,8,Antonio,Blue,W,0,False,3990,0.0131996824136562
H6NC08111,2012,NC,8,Larry,Kissell,DEM,0,False,137139,0.453682016673283
H2NC09076,2012,NC,9,Jennifer,Roberts,DEM,0,False,171503,0.456501370811041
H2NC09134,2012,NC,9,Robert,Pittenger,REP,1,False,194537,0.517812558226197
H2NC09167,2012,NC,9,Curtis,Campbell,LIB,0,False,9650,0.025686070962761903
H4NC10047,2012,NC,10,Patrick,McHenry,REP,1,False,190826,0.569886725061147
H4NC11052,2012,NC,10,Patsy,Keever,DEM,0,False,144023,0.430113274938853
H2NC11080,2012,NC,11,Mark,Meadows,REP,1,False,190319,0.574242817401169
H2NC11114,2012,NC,11,Hayden,Rogers,DEM,0,False,141107,0.42575718259883094
H2NC12021,2012,NC,12,Mel,Watt,DEM,1,False,247591,0.796348115841342
H2NC12179,2012,NC,12,Jack,Brosch,REP,0,False,63317,0.20365188415865798
H2NC13110,2012,NC,13,George,Holding,REP,1,False,210495,0.567969024041445
H2NC13144,2012,NC,13,Charles,Malone,DEM,0,False,160115,0.43203097595855505
H0ND01026,2012,ND,0,Kevin,Cramer,REP,1,False,173433,0.54871532029196
H2ND00115,2012,ND,0,Pam,Gulleson,DNL,0,False,131869,0.41721322108007397
H2ND00149,2012,ND,0,Eric,Olson,LIB,0,False,10261,0.0324642248102483
H2NE01076,2012,NE,1,Korey L.,Reiman,DEM,0,False,81206,0.317093266170757
H4NE01064,2012,NE,1,Jeff,Fortenberry,REP,1,False,174889,0.6829067338292429
H2NE02058,2012,NE,2,"John W., Jr.",Ewing,DEM,0,False,129767,0.492043028692114
H8NE02129,2012,NE,2,Lee,Terry,REP,1,False,133964,0.507956971307886
H2NE03023,2012,NE,3,Mark,Sullivan,DEM,0,False,65266,0.258285877105849
H6NE03115,2012,NE,3,Adrian,Smith,REP,1,False,187423,0.7417141228941501
H0NH01217,2012,NH,1,Frank C.,Guinta,REP,0,False,158659,0.459851835535125
H2NH01247,2012,NH,1,Brendan,Kelly,LIB,0,False,14521,0.0420871712528477
H6NH01230,2012,NH,1,Carol,Shea-Porter,DEM,1,False,171650,0.49750450695897697
H0NH02017,2012,NH,2,Charles,Bass,REP,0,False,152977,0.45340758875380094
H0NH02181,2012,NH,2,Ann McLane,Kuster,DEM,1,False,169275,0.501713130642513
H2NH02203,2012,NH,2,Hardy,Macia,LIB,0,False,14936,0.0442687184715792
H0NJ01066,2012,NJ,1,Robert E.,Andrews,DEM,1,False,210470,0.682194613621852
H2NJ01104,2012,NJ,1,Gregory W.,Horton,REP,0,False,92459,0.299686567115802
H2NJ01112,2012,NJ,1,John William,Reitter,GRE,0,False,4413,0.0143038192137275
H8NJ01192,2012,NJ,1,Margaret,Chapman,REF,0,False,1177,0.00381500004861937
H2NJ02037,2012,NJ,2,Frank A.,LoBiondo,REP,1,False,166679,0.5766002933525209
H2NJ02144,2012,NJ,2,Cassandra,Shober,DEM,0,False,116463,0.40288578624010596
H2NJ02151,2012,NJ,2,Charles,Lukens,CC,0,False,1329,0.0045974705263740505
H2NJ02169,2012,NJ,2,"Frank, Jr.",Faralli,CCC,0,False,892,0.0030857364255272002
H2NJ02177,2012,NJ,2,John,Ordille,LIB,0,False,2699,0.009336774229257761
H2NJ02185,2012,NJ,2,"David W., Sr.",Bowen,TPA,0,False,1010,0.00349393922621354
H0NJ03153,2012,NJ,3,Jon,Runyan,REP,1,False,174257,0.537157142592924
H2NJ03183,2012,NJ,3,Shelley,Adler,DEM,0,False,145509,0.44853979272886496
H2NJ03191,2012,NJ,3,Robert Edward,Forchion,LMP,0,False,1956,0.0060294815755565605
H2NJ03209,2012,NJ,3,Robert,Witterschein,NOT,0,False,530,0.00163375523264058
H2NJ03217,2012,NJ,3,"Christopher G., Jr.",Dennick,NSF,0,False,280,0.0008631159719610609
H2NJ03225,2012,NJ,3,Frederick John,Lavergne,NS,0,False,770,0.00237356892289292
H8NJ07041,2012,NJ,3,Robert,Shapiro,BFJ,0,False,1104,0.00340314297516076
H2NJ04165,2012,NJ,4,Christopher H.,Smith,REP,1,False,195146,0.637213509268602
H4NJ04062,2012,NJ,4,Leonard P.,Marshall,NS,0,False,3111,0.0101584005172262
H8NJ04014,2012,NJ,4,Brian P.,Froelich,DEM,0,False,107992,0.35262809021417196
H0NJ09168,2012,NJ,5,Patricia,Alessandrini,GRE,0,False,6772,0.0222487244436998
H2NJ05287,2012,NJ,5,Adam,Gussen,DEM,0,False,130102,0.42743702710783
H8NJ05052,2012,NJ,5,Scott,Garrett,REP,1,False,167503,0.55031424844847
H0NJ06164,2012,NJ,6,Anna,Little,REP,0,False,84360,0.352030980061593
H2NJ06160,2012,NJ,6,Mac Dara,Lyden,IND,0,False,830,0.0034635575326116903
H2NJ13083,2012,NJ,6,Len,Flynn,LIB,0,False,1392,0.00580876154866924
H6NJ06138,2012,NJ,6,Karen,Zaletel,OAI,0,False,868,0.00362213004615295
H6NJ06211,2012,NJ,6,Herbert L.,Tarbous,REF,0,False,406,0.00169422211836186
H8NJ03073,2012,NJ,6,"Frank, Jr.",Pallone,DEM,1,False,151782,0.6333803486926111
H2NJ07176,2012,NJ,7,Dennis A.,Breen,IR,0,False,4520,0.014704207940922899
H2NJ07184,2012,NJ,7,Patrick,McKnight,LIB,0,False,4081,0.0132760780103775
H6NJ06187,2012,NJ,7,Upendra J.,Chivukula,DEM,0,False,123090,0.400429414922169
H6NJ12136,2012,NJ,7,Leonard,Lance,REP,1,False,175704,0.5715902991265309
H2NJ08208,2012,NJ,8,Maria,Karczewski,REP,0,False,31767,0.189314660309893
H2NJ08216,2012,NJ,8,Stephen,DeLuca,RAP,0,False,1710,0.0101907032181168
H2NJ08224,2012,NJ,8,Pablo,Olivera,UIS,0,False,1625,0.00968414779499404
H6NJ13191,2012,NJ,8,Albio,Sires,DEM,1,False,130857,0.779839094159714
H6NJ13225,2012,NJ,8,Herbert H.,Shaw,PAC,0,False,1841,0.0109713945172825
H2NJ09107,2012,NJ,9,Shmuley,Boteach,REP,0,False,55094,0.250258916728746
H2NJ09123,2012,NJ,9,E. David,Smith,AA,0,False,1138,0.00516924977742246
H2NJ09131,2012,NJ,9,Jeanette,Woolsey,CON,0,False,1082,0.00491487544742628
H6NJ08118,2012,NJ,9,"Bill, Jr.",Pascrell,DEM,1,False,162834,0.7396569580464051
H0NJ10182,2012,NJ,10,Joanne,Miller,CHA,0,False,3127,0.013592106407024301
H2NJ10154,2012,NJ,10,"Donald M., Jr.",Payne,DEM,1,False,201435,0.8755759367121619
H2NJ10188,2012,NJ,10,Brian C.,Kelemen,REP,0,False,24271,0.10549856559158499
H2NJ10196,2012,NJ,10,Mick,Erickson,LIB,0,False,1227,0.0053333912892289
H2NJ05014,2012,NJ,11,Rodney P.,Frelinghuysen,REP,1,False,182239,0.5880593354609079
H2NJ11111,2012,NJ,11,John,Arvanites,DEM,0,False,123935,0.399920619298546
H2NJ11129,2012,NJ,11,Barry,Berlin,OCG,0,False,3725,0.0120200452405461
H0NJ06198,2012,NJ,12,Jack,Freudenheim,IND,0,False,2261,0.00824006618292874
H0NJ12170,2012,NJ,12,Kenneth J.,Cody,TVH,0,False,1285,0.00468309820657383
H2NJ12119,2012,NJ,12,Eric A.,Beck,REP,0,False,80907,0.294860254162855
H6NJ12144,2012,NJ,12,Rush,Holt,DEM,1,False,189938,0.6922165814476421
H2NM01128,2012,NM,1,Janice E.,Arnold-Jones,REP,0,False,112473,0.407723594919088
H8NM01257,2012,NM,1,Michelle,Lujan Grisham,DEM,1,False,162924,0.590612493474856
H2NM02126,2012,NM,2,Steve,Pearce,REP,1,False,113180,0.550714059800988
H2NM02175,2012,NM,2,Evelyn Madrid,Erhard,DEM,0,False,92162,0.448444152494952
H2NM03157,2012,NM,3,Jefferson L.,Byrd,REP,0,False,97616,0.368753281781814
H8NM03196,2012,NM,3,Ben R.,Lujan,DEM,1,False,167103,0.631246718218186
H2NV01207,2012,NV,1,Chris,Edwards,REP,0,False,56521,0.315270139113556
H2NV01231,2012,NV,1,"William ""Bill""",Pojunis,LIB,0,False,4645,0.025909481364138398
H2NV01256,2012,NV,1,Stan,Vaughan,IAP,0,False,4145,0.0231205167393657
H8NV03036,2012,NV,1,Dina,Titus,DEM,1,False,113967,0.63569986278294
H0NV02167,2012,NV,2,Russell,Best,IAP,0,False,6051,0.021499454608117297
H2NV02395,2012,NV,2,Mark E.,Amodei,REP,1,False,162213,0.576349534018597
H2NV02452,2012,NV,2,Michael L.,Haines,IND,0,False,11166,0.0396732622961887
H2NV02478,2012,NV,2,Samuel,Koepnick,DEM,0,False,102019,0.36247774907709795
H0NV03058,2012,NV,3,Joe,Heck,REP,1,False,137244,0.503605200295021
H2NV00035,2012,NV,3,John,Oceguera,DEM,0,False,116823,0.428672075384463
H2NV03120,2012,NV,3,Tom,Jones,IAP,0,False,5600,0.0205487243278549
H2NV03138,2012,NV,3,Jim,Murphy,IND,0,False,12856,0.0471739999926612
H2NV04011,2012,NV,4,Steven A.,Horsford,DEM,1,False,120501,0.501060326331021
H2NV04045,2012,NV,4,Danny,Tarkanian,REP,0,False,101261,0.421057665119838
H4NV03076,2012,NV,4,Joseph P.,Silvestri,LIB,0,False,9341,0.0388412088551802
H8NV03085,2012,NV,4,Floyd,Fitzgibbons,IAP,0,False,9389,0.0390407996939607
H0NY01129,2012,NY,1,Randy,Altschuler,REP,0,False,132304,0.47478818197151323
H2NY01067,2012,NY,1,Timothy H.,Bishop,DEM,0,False,146179,0.5245802217046642
H2NY02081,2012,NY,2,Vivianne C.,Falcone,DEM,0,False,100545,0.4138625109593612
H2NY03089,2012,NY,2,Peter T.,King,REP,0,False,142309,0.5857711479647487
H0NY02085,2012,NY,3,Steve J.,Israel,DEM,0,False,157880,0.5779530037961572
H0NY02168,2012,NY,3,Anthony,Tolda,CON,0,False,367,0.00134348082336705
H0NY02176,2012,NY,3,Stephen A.,Labate,REP,0,False,113203,0.414403432282343
H2NY03121,2012,NY,3,Michael,McDermott,LIB,0,False,1644,0.0060182083749739206
H0NY04057,2012,NY,4,Frank J.,Scaturro,CRV,0,False,15603,0.0588126649076517
H0NY04099,2012,NY,4,"Francis X., Jr.",Becker,REP,0,False,85693,0.32300414624952895
H6NY04112,2012,NY,4,Carolyn,McCarthy,DEM,0,False,163955,0.6179984922728985
H2NY05084,2012,NY,5,"Allan W., Jr.",Jennings,REP,0,False,17875,0.09551621504640889
H2NY05100,2012,NY,5,Catherine,Wark,LIB,0,False,1345,0.00718709422307244
H8NY06048,2012,NY,5,Gregory W.,Meeks,DEM,1,False,167836,0.896842487749878
H2NY06116,2012,NY,6,Grace,Meng,DEM,0,False,111501,0.6783372066141846
H2NY06157,2012,NY,6,Daniel J.,Halloran,REP,0,False,50846,0.3093311594291069
H8NY05081,2012,NY,6,Evergreen C.,Chou,GRE,0,False,1913,0.0116380936157787
H2NY00010,2012,NY,7,Nydia M.,Velazquez,DEM,0,False,143930,0.9462169073899982
H2NY07056,2012,NY,7,James,Murray,CRV,0,False,7971,0.0524025218426018
H2NY08120,2012,NY,8,Alan S.,Bellone,REP,0,False,17650,0.0864319048808317
H2NY08138,2012,NY,8,Colin M.,Beavan,GRE,0,False,2441,0.011953556929977899
H2NY10092,2012,NY,8,Hakeem S.,Jeffries,DEM,0,False,184039,0.9012374698222877
H2NY09110,2012,NY,9,Daniel J.,Cavanagh,REP,0,False,24164,0.1132169178797832
H2NY09128,2012,NY,9,Vivia M.,Morgan,GRE,0,False,2991,0.0140138967628882
H4NY11138,2012,NY,9,Yvette D.,Clarke,DEM,0,False,186141,0.8721366624342292
H2NY10100,2012,NY,10,Michael W.,Chan,REP,0,False,39413,0.1919317844255387
H2NY17071,2012,NY,10,Jerrold L.,Nadler,DEM,0,False,165743,0.8071283522198799
H0NY13074,2012,NY,11,Michael G.,Grimm,REP,0,False,103118,0.5217598097502971
H2NY13062,2012,NY,11,Henry J.,Bardel,GRE,0,False,1939,0.00981101525539505
H2NY13088,2012,NY,11,Mark S.,Murphy,DEM,0,False,92430,0.4676803197814154
H2NY12155,2012,NY,12,Christopher R.,Wight,REP,0,False,46841,0.19401804279572207
H2NY14037,2012,NY,12,Carolyn B.,Maloney,DEM,0,False,194370,0.805091415174836
H2NY13104,2012,NY,13,Deborah O.,Liatos,SWP,0,False,5548,0.028759077926319102
H6NY19029,2012,NY,13,Charles B.,Rangel,DEM,0,False,175016,0.9072276103735879
H8NY15122,2012,NY,13,Craig,Schley,REP,0,False,12147,0.0629662075650682
H0NY07076,2012,NY,14,Anthony,Gronowicz,GRE,0,False,2570,0.0177009435911564
H8NY03052,2012,NY,14,"Willam F., Jr.",Gibbons,REP,0,False,21755,0.1498381431228044
H8NY07046,2012,NY,14,Joseph,Crowley,DEM,0,False,120761,0.8317446105103655
H0NY16119,2012,NY,15,Frank L.,Della Valle,REP,0,False,4427,0.0281768131623333
H0NY18065,2012,NY,15,Jose E.,Serrano,DEM,0,False,152661,0.9716513381917707
H2NY16057,2012,NY,16,Joseph,McLaughlin,REP,0,False,53935,0.228003872282322
H6NY17130,2012,NY,16,Joseph,Diaferia,GRE,0,False,2974,0.0125722353975642
H8NY19058,2012,NY,16,Eliot L.,Engel,DEM,0,False,179562,0.7590772469594553
H2NY17139,2012,NY,17,Joe,Carvin,REP,0,False,91899,0.34521891023835005
H2NY17147,2012,NY,17,Francis E.,Morganthaler,WTP,0,False,2771,0.0104092710505062
H8NY20056,2012,NY,17,Nita M.,Lowey,DEM,0,False,171417,0.6439285513044457
H0NY19139,2012,NY,18,Nan,Hayworth,REP,0,False,133049,0.480212081728704
H2NY22139,2012,NY,18,Sean Patrick,Maloney,DEM,0,False,143845,0.5191779486975886
H0NY20095,2012,NY,19,Christopher P.,Gibson,REP,0,False,150245,0.5277698741389427
H2NY00051,2012,NY,19,Julian,Schreibman,DEM,0,False,134295,0.4717418566174532
H2NY21099,2012,NY,20,Robert J.,Dieterich,REP,0,False,93778,0.315417370187748
H8NY21203,2012,NY,20,Paul D.,Tonko,DEM,0,False,203401,0.684128564413381
H0NY23057,2012,NY,21,Matthew A.,Doheny,REP,0,False,121646,0.4816595131376803
H0NY23081,2012,NY,21,William L.,Owens,DEM,0,False,126631,0.5013977098148525
H2NY21107,2012,NY,21,Donald L.,Hassig,GRE,0,False,4174,0.016527027669111002
H2NY22147,2012,NY,22,Dan,Lamb,DEM,0,False,102080,0.391316514798956
H8NY24066,2012,NY,22,Richard L.,Hanna,REP,0,False,157941,0.6054557373027222
H0NY29054,2012,NY,23,"Thomas W., II",Reed,REP,0,False,137669,0.5189534156105583
H2NY22113,2012,NY,23,Nate,Shinagawa,DEM,0,False,127535,0.4807525576556264
H0NY25078,2012,NY,24,Ann Marie,Buerkle,REP,0,False,127054,0.4336491596925471
H2NY24119,2012,NY,24,Ursula E.,Rozum,GRE,0,False,22670,0.07737518260133519
H6NY25125,2012,NY,24,Daniel B.,Maffei,DEM,0,False,143044,0.4882247737108684
H2NY25074,2012,NY,25,Maggie,Brooks,REP,0,False,133389,0.4255484093258296
H6NY03031,2012,NY,25,Louise M.,Slaughter,DEM,0,False,179810,0.5736444495488947
H2NY26171,2012,NY,26,Michael H.,Madigan,REP,0,False,71666,0.2521045059116123
H4NY27076,2012,NY,26,Brian,Higgins,DEM,0,False,212588,0.7478356919981282
H2NY00036,2012,NY,27,Kathy C.,Hochul,DEM,0,False,156219,0.4919756624487453
H8NY29032,2012,NY,27,Chris,Collins,REP,0,False,161220,0.5077251569910624
H0OH01065,2012,OH,1,Rich,Stevenson,GRE,0,False,6645,0.0190011323473905
H2OH01020,2012,OH,1,Jim,Berns,LIB,0,False,9674,0.0276624460991204
H6OH02110,2012,OH,1,Jeff,Sinnard,DEM,0,False,131490,0.37599080396664697
H8OH01043,2012,OH,1,Steve,Chabot,REP,1,False,201907,0.577345617586842
H2OH02085,2012,OH,2,Brad,Wenstrup,REP,1,False,194299,0.586331141495741
H8OH02074,2012,OH,2,William R.,Smith,DEM,0,False,137082,0.413668858504259
H2OH03125,2012,OH,3,Joyce,Beatty,DEM,1,False,201921,0.682906124547229
H2OH03141,2012,OH,3,Chris,Long,REP,0,False,77903,0.26347153500925
H2OH03158,2012,OH,3,Richard,Ehrbar,LIB,0,False,9462,0.0320009199165311
H2OH03166,2012,OH,3,Jeff,Brown,W,0,False,5,1.6910230351157798e-05
H2OH12068,2012,OH,3,Bob,Fitrakis,GRE,0,False,6388,0.0216045102966393
H2OH04131,2012,OH,4,Jim,Slone,DEM,0,False,114214,0.36490329011687
H2OH04149,2012,OH,4,Chris,Kalla,W,0,False,16141,0.051569019610349
H6OH04082,2012,OH,4,Jim,Jordan,REP,1,False,182643,0.583527690272781
H2OH05021,2012,OH,5,Angela,Zimmann,DEM,0,False,137806,0.39163005359812203
H2OH05039,2012,OH,5,Eric,Eberly,LIB,0,False,12558,0.035688505675262404
H8OH05036,2012,OH,5,Bob,Latta,REP,1,False,201514,0.572681440726615
H0OH06189,2012,OH,6,Bill,Johnson,REP,1,False,164536,0.532513431290051
H6OH06095,2012,OH,6,Charlie,Wilson,DEM,0,False,144444,0.467486568709949
H0OH18077,2012,OH,7,Bob,Gibbs,REP,1,False,178104,0.563955771154991
H2OH07167,2012,OH,7,Joyce R.,Healy-Abrams,DEM,0,False,137708,0.436044228845009
H0OH08029,2012,OH,8,John A.,Boehner,REP,1,False,246380,0.999748419506415
H2OH02077,2012,OH,8,"James J., Jr.",Condit,W,0,False,62,0.000251580493584697
H2OH09031,2012,OH,9,Marcy,Kaptur,DEM,1,False,217775,0.73038173366514
H2OH09114,2012,OH,9,Samuel J.,Wurzelbacher,REP,0,False,68666,0.230294533917348
H2OH09148,2012,OH,9,Sean P.,Stipe,LIB,0,False,11725,0.0393237324175124
H0OH08136,2012,OH,10,David A.,Harlow,LIB,0,False,10373,0.0296650279834473
H2OH03067,2012,OH,10,Mike,Turner,REP,1,False,208201,0.595419694512842
H8OH07099,2012,OH,10,Sharen Swartz,Neuhardt,DEM,0,False,131097,0.374915277503711
H8OH11141,2012,OH,11,Marcia L.,Fudge,DEM,1,False,258378,1.0
H0OH12062,2012,OH,12,Pat,Tiberi,REP,1,False,233874,0.634685525715899
H2OH12100,2012,OH,12,Jim,Reese,DEM,0,False,134614,0.365314474284102
H2OH13199,2012,OH,13,Marisha G.,Agana,REP,0,False,88120,0.272301397970409
H2OH17109,2012,OH,13,Tim,Ryan,DEM,1,False,235492,0.7276986020295909
H0OH17186,2012,OH,14,Elaine R.,Mastromatteo,GRE,0,False,13038,0.038360823589641
H2OH14056,2012,OH,14,Erick Donald,Robinson,W,0,False,0,0.0
H2OH14064,2012,OH,14,David P.,Joyce,REP,1,False,183660,0.540370368190939
H2OH14072,2012,OH,14,Steven T.,Winfield,W,0,False,0,0.0
H2OH14080,2012,OH,14,Aaron J.,Zurbrugg,W,0,False,6,1.76533932764109e-05
H6OH11103,2012,OH,14,Dale Virgil,Blanchard,DEM,0,False,131638,0.387309564020031
H8OH14103,2012,OH,14,David,Macko,LIB,0,False,11536,0.0339415908061128
H2OH15087,2012,OH,15,Pat,Lang,DEM,0,False,128188,0.384412157197907
H8OH15076,2012,OH,15,Steve,Stivers,REP,1,False,205277,0.615587842802093
H0OH16097,2012,OH,16,Jim,Renacci,REP,1,False,185167,0.52046681713799
H6OH13133,2012,OH,16,Betty,Sutton,DEM,0,False,170604,0.47953318286200997
H0OK01113,2012,OK,1,Craig,Allen,IND,0,False,12807,0.044887701884253
H2OK01143,2012,OK,1,Jim,Brindenstine,REP,1,False,181084,0.634687640197398
H2OK01150,2012,OK,1,John,Olson,DEM,0,False,91421,0.320424657918349
H2OK02083,2012,OK,2,Markwayne,Mullin,REP,1,False,143701,0.573400316026367
H2OK02158,2012,OK,2,Rob,Wallace,DEM,0,False,96081,0.383385472363654
H2OK02174,2012,OK,2,Michael G.,Fulks,IND,0,False,10830,0.0432142116099788
H2OK03081,2012,OK,3,Timothy Ray,Murray,DEM,0,False,53472,0.199520154625135
H2OK03107,2012,OK,3,William M.,Sanders,IND,0,False,12787,0.047712152475905094
H4OK06056,2012,OK,3,Frank D.,Lucas,REP,1,False,201744,0.75276769289896
H0OK04133,2012,OK,4,RJ,Harris,IND,0,False,11745,0.0451156412413428
H2OK04055,2012,OK,4,Tom,Cole,REP,1,False,176740,0.678904932566617
H2OK04139,2012,OK,4,Donna Marie,Bebo,DEM,0,False,71846,0.27597942619204
H0OK05114,2012,OK,5,James,Lankford,REP,1,False,153603,0.586994653714312
H0OK05155,2012,OK,5,Tom,Guild,DEM,0,False,97504,0.372612036976884
H2OK05144,2012,OK,5,Pat,Martin,IND,0,False,5394,0.0206131987144457
H6OK04098,2012,OK,5,Robert T.,Murphy,IND,0,False,5176,0.0197801105943587
H2OR01133,2012,OR,1,Suzanne,Bonamici,DEM,1,False,197845,0.595954575576842
H2OR01190,2012,OR,1,Delinda,Morgan,REP,0,False,109699,0.330438580637388
H2OR01216,2012,OR,1,Steven,Reynolds,LIB,0,False,15009,0.045210554852702
H2OR01232,2012,OR,1,Bob,Ekstrom,CON,0,False,8918,0.0268630640400024
H0OR02093,2012,OR,2,Joyce B.,Segers,DEM,0,False,96741,0.291164918511384
H6OR02116,2012,OR,2,Greg,Walden,REP,1,False,228043,0.686349340115273
H8OR01197,2012,OR,2,Joe,Tabor,LIB,0,False,7025,0.0211433988954267
H2OR03097,2012,OR,3,Woodrow,Broadnax,PG,0,False,13159,0.0369764664559185
H2OR03105,2012,OR,3,Ronald,Green,REP,0,False,70325,0.197611520899192
H2OR03113,2012,OR,3,Michael,Cline,LIB,0,False,6640,0.0186582367404285
H6OR03064,2012,OR,3,Earl,Blumenauer,DEM,1,False,264979,0.744584474885845
H0OR04081,2012,OR,4,Art,Robinson,REP,0,False,140549,0.39031847770545
H2OR04079,2012,OR,4,Chuck,Huntting,LIB,0,False,6205,0.0172318988691653
H6OR04047,2012,OR,4,Peter A.,DeFazio,DEM,1,False,212866,0.591149941125503
H0OR05047,2012,OR,5,Fred,Thompson,REP,0,False,139223,0.42449919199926806
H0OR05062,2012,OR,5,Christina Jean,Lugo,PG,0,False,7516,0.022916730188736797
H2OR05175,2012,OR,5,Raymond,Baldwin,CON,0,False,3600,0.010976613714668999
H8OR05107,2012,OR,5,Kurt,Schrader,DEM,1,False,177229,0.540381742232521
H8PA01153,2012,PA,1,Robert A.,Brady,DEM,1,False,235394,0.849485027174109
H8PA01187,2012,PA,1,John,Featherman,REP,0,False,41708,0.150514972825891
H2PA02055,2012,PA,2,Chaka,Fattah,DEM,1,False,318176,0.8927847895259631
H2PA02139,2012,PA,2,"Robert Allen, Jr.",Mansfield,REP,0,False,33381,0.0936652954942113
H2PA02147,2012,PA,2,James,Foster,IND,0,False,4829,0.0135499149798252
H0PA03271,2012,PA,3,Mike,Kelly,REP,1,False,165826,0.54815975458987
H2PA03111,2012,PA,3,Missa,Eaton,DEM,0,False,123933,0.409676907515024
H4PA03075,2012,PA,3,Steven,Porter,IND,0,False,12755,0.04216333789510571
H2PA04135,2012,PA,4,Scott,Perry,REP,1,False,181603,0.597417593262715
H2PA04143,2012,PA,4,Harry,Perkinson,DEM,0,False,104643,0.344243042305415
H2PA04218,2012,PA,4,Wayne W.,Wolf,IND,0,False,11524,0.0379103888413711
H2PA19109,2012,PA,4,Michael Bryant,Koffenberger,LIB,0,False,6210,0.0204289755904994
H2PA05058,2012,PA,5,Charles,Dumas,DEM,0,False,104725,0.370753898713115
H8PA05071,2012,PA,5,Glenn,Thompson,REP,1,False,177740,0.629246101286885
H0PA06084,2012,PA,6,Manan M.,Trivedi,DEM,0,False,143803,0.428587181993753
H2PA06114,2012,PA,6,Jim,Gerlach,REP,1,False,191725,0.571412818006247
H0PA07082,2012,PA,7,Patrick L.,Meehan,REP,1,False,209942,0.593977665928233
H2PA07070,2012,PA,7,George,Badey,DEM,0,False,143509,0.40602233407176697
H2PA08102,2012,PA,8,Kathy,Boockvar,DEM,0,False,152859,0.43396510314049
H4PA08074,2012,PA,8,Mike,Fitzpatrick,REP,1,False,199379,0.5660348968595099
H2PA09035,2012,PA,9,Bill,Shuster,REP,1,False,169177,0.616747780754999
H2PA09084,2012,PA,9,Karen,Ramsburg,W,0,False,105128,0.38325221924500097
H0PA10078,2012,PA,10,Thomas A.,Marino,REP,1,False,179563,0.655842068738814
H2PA10090,2012,PA,10,Philip,Scollo,DEM,0,False,94227,0.344157931261186
H2PA11098,2012,PA,11,Lou,Barletta,REP,1,False,166967,0.585442394406693
H6PA17120,2012,PA,11,Gene,Stilp,DEM,0,False,118231,0.414557605593307
H0PA04220,2012,PA,12,Keith J.,Rothfus,REP,1,False,175352,0.51735257758725
H0PA12132,2012,PA,12,Mark S.,Critz,DEM,0,False,163589,0.48264742241275
H2PA13110,2012,PA,13,Joseph James,Rooney,REP,0,False,93918,0.30912484077691
H4PA13124,2012,PA,13,Allyson Y.,Schwartz,DEM,1,False,209901,0.69087515922309
H2PA14084,2012,PA,14,Hans F.,Lessmann,REP,0,False,75702,0.23105660584676802
H4PA18131,2012,PA,14,Mike,Doyle,DEM,1,False,251932,0.768943394153232
H2PA15099,2012,PA,15,Richard,Daugherty,DEM,0,False,128764,0.432494525130658
H4PA15087,2012,PA,15,Charles W.,Dent,REP,1,False,168960,0.567505474869342
H2PA16063,2012,PA,16,Aryanna C.,Strader,DEM,0,False,111185,0.390422816128885
H2PA16071,2012,PA,16,James F.,Bednarski,BFC,0,False,5154,0.0180981175008164
H6PA16197,2012,PA,16,Joseph R.,Pitts,REP,1,False,156192,0.548463556206348
H6PA16288,2012,PA,16,John A,Murphy,IND,0,False,12250,0.0430155101639506
H2PA17079,2012,PA,17,Matthew A.,Cartwright,DEM,1,False,161393,0.603110601230937
H2PA17087,2012,PA,17,Laureen A.,Cummings,REP,0,False,106208,0.39688939876906304
H2PA18143,2012,PA,18,Tim,Murphy,REP,1,False,216727,0.639552280647912
H2PA18150,2012,PA,18,Lawrence,Maggi,DEM,0,False,122146,0.360447719352088
H2PR00065,2012,PR,0,Roberto,Cox Alomar,PPD,0,False,881181,0.47468600933554905
H2PR00073,2012,PR,0,Juan Manuel,Mercado Nieves,PRI,0,False,38941,0.020977242915514102
H2PR00081,2012,PR,0,M ria de Lourdes,Guzm n Rivera,MUS,0,False,11764,0.00633718409024185
H2PR00099,2012,PR,0,Sadiasept,Guillont Juarbe,PPR,0,False,5647,0.0030419991973474805
H2PR00107,2012,PR,0,Felix,C¢rdova Iturregui,PPT,0,False,13120,0.007067651756543099
H8PR00062,2012,PR,0,Pedro R.,Pierluisi Urrutia,NPP,1,False,905066,0.487552690906055
H0RI01073,2012,RI,1,David N.,Cicilline,DEM,1,False,108612,0.529517587694708
H2RI01178,2012,RI,1,Brendan P.,Doherty,REP,0,False,83737,0.408244155717524
H2RI01194,2012,RI,1,David S.,Vogel,IND,0,False,12504,0.0609609243595056
H0RI02139,2012,RI,2,James R.,Langevin,DEM,1,False,124067,0.55720380849726
H2RI02135,2012,RI,2,Michael G.,Riley,REP,0,False,78189,0.351158717326866
H2RI02143,2012,RI,2,Abel G.,Collins,IND,0,False,20212,0.0907751729093685
H0SC01279,2012,SC,1,Tim,Scott,REP,1,False,179908,0.620344605241834
H0SC01352,2012,SC,1,Keith,Blandford,LIB,0,False,6334,0.021840400257919498
H2SC01069,2012,SC,1,Bobbie,Rose,DEM,0,False,103557,0.3570770965439478
H2SC02059,2012,SC,2,Joe,Wilson,REP,1,False,196116,0.9626837098341829
H0SC03077,2012,SC,3,Jeff,Duncan,REP,1,False,169512,0.665371345132535
H8SC03062,2012,SC,3,Brian Ryan B.,Doyle,DEM,0,False,84735,0.33260324301409594
H0SC04257,2012,SC,4,Trey,Gowdy,REP,1,False,173201,0.64897483550906
H2SC04105,2012,SC,4,Deb,Morrow,DEM,0,False,89964,0.3370902714287859
H2SC04113,2012,SC,4,Jeff,Sumerel,GRE,0,False,3390,0.0127021477495841
H0SC05031,2012,SC,5,Mick,Mulvaney,REP,1,False,154324,0.5551163116944781
H2SC05086,2012,SC,5,Joyce,Knott,DEM,0,False,123443,0.4440347766031304
H0SC06211,2012,SC,6,Nammu Y.,Muhammad,GRE,0,False,12920,0.0553046679365623
H2SC02042,2012,SC,6,"James E. ""Jim""",Clyburn,DEM,1,False,218717,0.936228409990797
H2SC07066,2012,SC,7,Tom,Rice,REP,1,False,153068,0.555121165744294
H2SC07108,2012,SC,7,Gloria Bromell,Tinubu,DEM,0,False,122389,0.4438597509229772
H0SD00054,2012,SD,0,Kristi,Noem,REP,1,False,207640,0.57449734249327
H2SD00134,2012,SD,0,Matt,Varilek,DEM,0,False,153789,0.42550265750673
H2TN01072,2012,TN,1,Alan,Woodruff,DEM,0,False,47663,0.198867619079409
H2TN01080,2012,TN,1,Karen Sherry,Brackett,IND,0,False,4837,0.020181748389465598
H2TN01098,2012,TN,1,Michael D.,Salyer,IND,0,False,2048,0.00854501151573818
H6TN01388,2012,TN,1,Phil,Roe,REP,1,False,185124,0.7724056210153876
H2TN02021,2012,TN,2,Troy Christopher,Goodale,DEM,0,False,54522,0.206128428574129
H2TN02104,2012,TN,2,Brandon,Stewart,IND,0,False,2974,0.011243643787452
H2TN02112,2012,TN,2,Norris,Dryer,GRE,0,False,5733,0.021674448498138
H4TN02035,2012,TN,2,Greg,Samples,IND,0,False,4382,0.0165667945785524
H8TN02069,2012,TN,2,"John J., Jr.",Duncan,REP,1,False,196894,0.7443866845617291
H0TN03254,2012,TN,3,Chuck,Fleischmann,REP,1,False,157830,0.614342043291594
H2TN03144,2012,TN,3,Mary M.,Headrick,DEM,0,False,91094,0.354576912447598
H2TN03177,2012,TN,3,Matthew,Deniston,IND,0,False,7905,0.0307696499538747
H0TN04195,2012,TN,4,Scott,DesJarlais,REP,1,False,128568,0.557561039073681
H2TN04258,2012,TN,4,Eric,Stewart,DEM,0,False,102022,0.442438960926319
H2TN05131,2012,TN,5,Jim,Cooper,DEM,1,False,171621,0.6523157034531251
H2TN05271,2012,TN,5,Brad,Staats,REP,0,False,86240,0.32779034189171197
H8TN05252,2012,TN,5,John,Miglietta,GRE,0,False,5222,0.0198483437541572
H0TN06257,2012,TN,6,Diane,Black,REP,1,False,184383,0.764310378418262
H2TN06121,2012,TN,6,Scott,Beasley,IND,0,False,34766,0.144113148262526
H2TN06139,2012,TN,6,Rachel,Robinson,W,0,False,455,0.0018860807242550002
H2TN06147,2012,TN,6,Pat,Riley,GRE,0,False,21633,0.0896738116655129
H2TN06030,2012,TN,7,Marsha,Blackburn,REP,1,False,182730,0.7101661057262559
H2TN07160,2012,TN,7,Jack,Arnold,IND,0,False,4256,0.0165406170085424
H2TN07178,2012,TN,7,Credo,Amouzouvik,DEM,0,False,61679,0.23971069465927702
H2TN07186,2012,TN,7,Wm. Ryan,Akin,IND,0,False,2740,0.010648799483883
H2TN07194,2012,TN,7,Leonard D. (Lenny),Ladner,IND,0,False,1261,0.00490077961648776
H2TN07202,2012,TN,7,Howard,Switzer,GRE,0,False,4640,0.0180330035055537
H0TN08246,2012,TN,8,Stephen Lee,Fincher,REP,1,False,190923,0.68327833885664
H0TN08329,2012,TN,8,Mark J.,Rawles,IND,0,False,2870,0.0102712026969959
H2TN08077,2012,TN,8,James,Hart,IND,0,False,6139,0.0219703530860133
H2TN08127,2012,TN,8,Timothy D.,Dixon,DEM,0,False,79490,0.284480105360351
H0TN08287,2012,TN,9,"George S., Jr.",Flinn,REP,0,False,59742,0.238028264412101
H2TN09166,2012,TN,9,Brian L.,Saulsberry,IND,0,False,1448,0.0057692231071728795
H2TN09174,2012,TN,9,Gregory M.,Joiner,IND,0,False,1372,0.00546641857944834
H2TN09190,2012,TN,9,Kimberlee E.,Smith,W,0,False,2,7.968540203277461e-06
H6TN09068,2012,TN,9,Steve,Cohen,DEM,1,False,188422,0.750724141090973
H2TX01062,2012,TX,1,Shirley J.,McKellar,DEM,0,False,67222,0.269256342676782
H2TX01070,2012,TX,1,Clark,Patterson,LIB,0,False,4114,0.0164785426463402
H4TX04039,2012,TX,1,Louie,Gohmert,REP,1,False,178322,0.714265114676878
H2TX00130,2012,TX,2,Kenneth,Duncan,LIB,0,False,4140,0.016806859147153397
H2TX02094,2012,TX,2,Jim,Dougherty,DEM,0,False,80512,0.326848754506187
H2TX02102,2012,TX,2,Mark A.,Roberts,GRE,0,False,2012,0.008167971160404009
H4TX02108,2012,TX,2,Ted,Poe,REP,1,False,159664,0.648176415186256
H2TX03118,2012,TX,3,Sam,Johnson,REP,1,False,187180,1.0
H0TX04037,2012,TX,4,Ralph M.,Hall,REP,1,False,182679,0.729714831251523
H2TX04082,2012,TX,4,Thomas,Griffing,LIB,0,False,7262,0.029008200748573
H2TX04090,2012,TX,4,Fred,Rostek,W,0,False,188,0.000750969669613291
H8TX04139,2012,TX,4,VaLinda,Hathcox,DEM,0,False,60214,0.24052599833029098
H2TX05121,2012,TX,5,Jeb,Hensarling,REP,1,False,134091,0.643956202276329
H2TX05204,2012,TX,5,Linda S.,Mrosko,DEM,0,False,69178,0.332219180713634
H8TX05052,2012,TX,5,Ken,Ashby,LIB,0,False,4961,0.023824617010037002
H2TX06194,2012,TX,6,Brandon,Parmer,GRE,0,False,2017,0.00807006593687984
H2TX33123,2012,TX,6,Kenneth,Sanders,DEM,0,False,98053,0.39231243198258803
H4TX06117,2012,TX,6,Joe L.,Barton,REP,1,False,145019,0.580224537481595
H4TX06160,2012,TX,6,Hugh,Chauvin,LIB,0,False,4847,0.019392964598937298
H0TX07055,2012,TX,7,John,Culberson,REP,1,False,142793,0.60805154213348
H2TX07036,2012,TX,7,James,Cargas,DEM,0,False,85553,0.364308009385233
H2TX07044,2012,TX,7,Lance,Findley,GRE,0,False,1822,0.00775857296763287
H8TX07066,2012,TX,7,Drew,Parks,LIB,0,False,4669,0.0198818755136542
H2TX08075,2012,TX,8,Roy,Hall,LIB,0,False,5958,0.0237321351751828
H2TX08083,2012,TX,8,Neil,Burns,DEM,0,False,51051,0.20334831031021502
H6TX08100,2012,TX,8,Kevin,Brady,REP,1,False,194043,0.7729195545146029
H0TX09143,2012,TX,9,Steve,Mueller,REP,0,False,36139,0.19687196975474802
H2TX09123,2012,TX,9,Vanessa,Foster,GRE,0,False,1743,0.00949522242681107
H4TX09095,2012,TX,9,Al,Green,DEM,1,False,144075,0.784867568068161
H8TX22180,2012,TX,9,John,Wieder,LIB,0,False,1609,0.00876523975028055
H2TX10113,2012,TX,10,Tawana W.,Cadien,DEM,0,False,95710,0.362511788924282
H2TX10139,2012,TX,10,Richard,Priest,LIB,0,False,8526,0.0322931304186441
H4TX10093,2012,TX,10,Michael,McCaul,REP,1,False,159783,0.605195080657074
H2TX11061,2012,TX,11,Jim,Riley,DEM,0,False,41970,0.18568906704185
H2TX11095,2012,TX,11,Scott J.,Ballard,LIB,0,False,6311,0.027921937147989403
H4TX19136,2012,TX,11,Mike,Conaway,REP,1,False,177742,0.7863889958101611
H0TX12212,2012,TX,12,Matthew,Solodow,LIB,0,False,5983,0.0241530487017181
H2TX33107,2012,TX,12,Dave,Robinson,DEM,0,False,66080,0.26676140033587403
H6TX12060,2012,TX,12,Kay,Granger,REP,1,False,175649,0.709085550962408
H2TX13083,2012,TX,13,John Robert,Deek,LIB,0,False,12701,0.0615394305870496
H2TX13091,2012,TX,13,Keith F.,Houston,GRE,0,False,5912,0.028645076264123902
H4TX13014,2012,TX,13,Mac,Thornberry,REP,1,False,187775,0.909815493148826
H0TX20090,2012,TX,14,Rhett Rosenquest,Smith,GRE,0,False,1063,0.0043239681254805
H2TX13109,2012,TX,14,Zach,Grady,LIB,0,False,3619,0.0147210166002953
H2TX14149,2012,TX,14,Randy,Weber,REP,1,False,131460,0.5347402161577289
H6TX09033,2012,TX,14,Nick,Lampson,DEM,0,False,109697,0.44621479911649503
H2TX15104,2012,TX,15,Ron,Finch,LIB,0,False,3309,0.022562235359093397
H2TX28040,2012,TX,15,Dale A.,Brueggemann,REP,0,False,54056,0.36857787687251603
H6TX15055,2012,TX,15,Rubn,Hinojosa,DEM,1,False,89296,0.608859887768391
H2TX16185,2012,TX,16,Beto,O'Rourke,DEM,1,False,101403,0.6541918002645081
H2TX16193,2012,TX,16,Barbara,Carrasco,REP,0,False,51043,0.329299054869198
H2TX16235,2012,TX,16,Junart,Sodoy,LIB,0,False,2559,0.016509144866294602
H0TX17104,2012,TX,17,Bill,Flores,REP,1,False,143284,0.799299349555399
H2TX17076,2012,TX,17,Ben,Easton,LIB,0,False,35978,0.200700650444601
H2TX18140,2012,TX,18,Sean,Seibert,REP,0,False,44015,0.225796688075842
H2TX18157,2012,TX,18,Christopher,Barber,LIB,0,False,4694,0.024080192066977202
H4TX18054,2012,TX,18,Sheila,Jackson Lee,DEM,1,False,146223,0.7501231198571809
H4TX19102,2012,TX,19,Randy,Neugebauer,REP,1,False,163239,0.849924243607566
H4TX19235,2012,TX,19,Richard (Chip),Peterson,LIB,0,False,28824,0.150075756392434
H2TX20039,2012,TX,20,David,Rosa,REP,0,False,62376,0.33503601411559997
H2TX20054,2012,TX,20,A.E. (Tracy),Potts,LIB,0,False,3143,0.0168817845383694
H2TX20062,2012,TX,20,Antonio,Diaz,GRE,0,False,1626,0.00873362445414847
H2TX35011,2012,TX,20,Joaquin,Castro,DEM,1,False,119032,0.639348576891882
H2TX21086,2012,TX,21,Candace E.,Duval,DEM,0,False,109326,0.353960468165704
H2TX21110,2012,TX,21,John-Henry,Liberty,LIB,0,False,12524,0.040548459683033
H6TX21012,2012,TX,21,Lamar,Smith,REP,1,False,187015,0.605491072151264
H0TX22112,2012,TX,22,Kesha,Rogers,DEM,0,False,80203,0.319647205582856
H0TX22138,2012,TX,22,Steven,Susman,LIB,0,False,5986,0.023857064855666
H2TX22126,2012,TX,22,Don,Cook,GRE,0,False,4054,0.0161571234421767
H8TX22107,2012,TX,22,Pete,Olson,REP,1,False,160668,0.6403386061193009
H2TX23090,2012,TX,23,Ed,Scharf,GRE,0,False,2105,0.010953899952645901
H2TX23124,2012,TX,23,Pete P.,Gallego,DEM,1,False,96676,0.503078019867929
H4TX28046,2012,TX,23,"Francisco ""Quico""",Canseco,REP,0,False,87547,0.45557295921818797
H8TX21125,2012,TX,23,Jeffrey C.,Blunt,LIB,0,False,5841,0.0303951209612372
H2TX24122,2012,TX,24,Tim,Rusk,DEM,0,False,87645,0.359954659142713
H2TX24130,2012,TX,24,John,Stathas,LIB,0,False,7258,0.0298083280969572
H4TX24094,2012,TX,24,Kenny E.,Marchant,REP,1,False,148586,0.61023701276033
H2TX25269,2012,TX,25,Elaine M.,Henderson,DEM,0,False,98827,0.374441143931013
H2TX25293,2012,TX,25,Betsy,Dewey,LIB,0,False,10860,0.04114696209629751
H2TX33040,2012,TX,25,Roger,Williams,REP,1,False,154245,0.58441189397269
H0TX26105,2012,TX,26,Mark,Boler,LIB,0,False,7844,0.0303181394773561
H2TX26093,2012,TX,26,Michael,Burgess,REP,1,False,176642,0.6827456391584821
H2TX26168,2012,TX,26,David,Sanchez,DEM,0,False,74237,0.28693622136416197
H0TX27061,2012,TX,27,Blake,Farenthold,REP,1,False,120684,0.567521431829618
H2TX27133,2012,TX,27,Rose Meza,Harrison,DEM,0,False,83395,0.39216838858034997
H2TX27257,2012,TX,27,Bret,Baldwin,IND,0,False,5354,0.025177403351030598
H2TX27265,2012,TX,27,Corrie,Byrd,LIB,0,False,3218,0.015132776239001899
H2TX23082,2012,TX,28,Henry,Cuellar,DEM,1,False,112456,0.6788976425488239
H2TX28057,2012,TX,28,William R.,Hayward,REP,0,False,49309,0.297678770865405
H2TX28065,2012,TX,28,Patrick,Hisel,LIB,0,False,2473,0.014929517945002899
H2TX28073,2012,TX,28,Michael D.,Cary,GRE,0,False,1407,0.00849406864076791
H2TX29030,2012,TX,29,Gene,Green,DEM,1,False,86053,0.900032423047557
H2TX29105,2012,TX,29,James,Stanczak,LIB,0,False,4996,0.0522534018052316
H2TX29113,2012,TX,29,Maria,Selva,GRE,0,False,4562,0.047714175147211095
H2TX00015,2012,TX,30,Eddie Bernice,Johnson,DEM,1,False,171059,0.7882394684213919
H2TX30095,2012,TX,30,"Travis, Jr.",Washington,REP,0,False,41222,0.18995087874515001
H2TX30103,2012,TX,30,Ed,Rankin,LIB,0,False,4733,0.0218096528334578
H0TX21072,2012,TX,31,Stephen M.,Wyman,DEM,0,False,82977,0.349837891621379
H2TX31044,2012,TX,31,John R.,Carter,REP,1,False,145348,0.612799183766395
H2TX31135,2012,TX,31,Ethan,Garofolo,LIB,0,False,8862,0.0373629246122258
H2TX03126,2012,TX,32,Pete,Sessions,REP,1,False,146653,0.582798168783481
H2TX32067,2012,TX,32,Katherine Savers,McGovern,DEM,0,False,99288,0.394569934349616
H2TX32075,2012,TX,32,Seth Jewel,Hollist,LIB,0,False,5695,0.022631896866903
H2TX33065,2012,TX,33,Chuck,Bradley,REP,0,False,30252,0.257738019169329
H2TX33073,2012,TX,33,Marc,Veasey,DEM,1,False,85114,0.725145899893504
H2TX33222,2012,TX,33,Ed,Lindsay,GRE,0,False,2009,0.0171160809371672
H0TX27053,2012,TX,34,Jessica Puente,Bradshaw,REP,0,False,52448,0.362264985011535
H2TX27190,2012,TX,34,Filemon,Vela,DEM,1,False,89606,0.61892000165771
H2TX34089,2012,TX,34,"Steven ""Ziggy""",Shanklin,LIB,0,False,2724,0.0188150133307547
H2TX35029,2012,TX,35,Susan,Narvaiz,REP,0,False,52894,0.32022230428807497
H2TX35086,2012,TX,35,Simon,Alvarado,W,0,False,37,0.000223999418812319
H2TX35094,2012,TX,35,Meghan,Owen,GRE,0,False,2540,0.015377257399548401
H4TX10028,2012,TX,35,Lloyd,Doggett,DEM,1,False,105626,0.639463854364054
H8TX28203,2012,TX,35,Ross Lynn,Leone,LIB,0,False,4082,0.0247125845295104
H2TX22118,2012,TX,36,Max,Martin,DEM,0,False,62143,0.265759177529166
H2TX36134,2012,TX,36,Michael K.,Cole,LIB,0,False,6284,0.026873995004960797
H6TX22143,2012,TX,36,Steve,Stockman,REP,1,False,165405,0.7073668274658731
H2UT01094,2012,UT,1,Rob,Bishop,REP,1,False,175487,0.71473314652504
H2UT01227,2012,UT,1,Sherry,Phipps,CON,0,False,9430,0.0384070248607084
H2UT01235,2012,UT,1,Donna M.,McAleer,DEM,0,False,60611,0.24685982861425199
H2UT02324,2012,UT,2,Chris,Stewart,REP,1,False,154523,0.621710354261804
H2UT02357,2012,UT,2,Jay,Seegmiller,DEM,0,False,83176,0.33465167273532004
H2UT02381,2012,UT,2,Joseph,Andrade,UN,0,False,2971,0.0119535697760969
H2UT02407,2012,UT,2,Charles E.,Kimball,UN,0,False,2824,0.0113621275825303
H2UT02423,2012,UT,2,Jonathan D.,Garrard,CON,0,False,5051,0.0203222756442495
H2UT03249,2012,UT,3,Soren,Simonsen,DEM,0,False,60719,0.233942214704851
H8UT03089,2012,UT,3,Jason,Chaffetz,REP,1,False,198828,0.7660577852951489
H0UT02096,2012,UT,4,Jim,Matheson,DEM,1,False,119803,0.48843960094097705
H2UT04023,2012,UT,4,Mia B.,Love,REP,0,False,119035,0.48530844718420396
H2UT04056,2012,UT,4,Jim L.,Vein,LIB,0,False,6439,0.0262519518748191
H0VA01185,2012,VA,1,G. Gail,Parker,IGR,0,False,8308,0.0232843618100593
H2VA01066,2012,VA,1,Adam M.,Cook,DEM,0,False,147036,0.412089482800177
H8VA01147,2012,VA,1,"Robert J. ""Rob""",Wittman,REP,1,False,200845,0.562896924379074
H0VA02084,2012,VA,2,E. Scott,Rigell,REP,1,False,166231,0.5375781800777439
H2VA02049,2012,VA,2,"Paul O., Jr.",Hirschbiel,DEM,0,False,142548,0.46098919223082496
H2VA03054,2012,VA,3,Dean J.,Longo,REP,0,False,58931,0.18477374771114
H6VA01117,2012,VA,3,"Robert C. ""Bobby""",Scott,DEM,1,False,259199,0.812699099505857
H2VA04052,2012,VA,4,J. Randy,Forbes,REP,1,False,199292,0.5693308879404421
H2VA04102,2012,VA,4,Ella P.,Ward,DEM,0,False,150190,0.429057895248053
H0VA05095,2012,VA,5,Robert,Hurt,REP,1,False,193009,0.554446713835529
H2VA05059,2012,VA,5,Kenneth J.,Hildebrandt,IGR,0,False,5500,0.0157995581869002
H2VA10117,2012,VA,5,John Wade,Douglass,DEM,0,False,149214,0.42863914096365796
H2VA06115,2012,VA,6,"Robert W. ""Bob""",Goodlatte,REP,1,False,211278,0.65230801530135
H2VA06180,2012,VA,6,Andy B.,Schmookler,DEM,0,False,111949,0.345635750077958
H0VA07042,2012,VA,7,Eric I.,Cantor,REP,1,False,222983,0.583864218963156
H2VA07113,2012,VA,7,E. Wayne,Powell,DEM,0,False,158012,0.413742540762328
H0VA08040,2012,VA,8,"James P. ""Jim,"" Jr.",Moran,DEM,1,False,226847,0.6459436140859429
H0VA08149,2012,VA,8,J. Patrick,Murray,REP,0,False,107370,0.305734551677596
H2VA08129,2012,VA,8,Jason J.,Howell,IND,0,False,10180,0.0289874055702517
H2VA08137,2012,VA,8,Janet,Murphy,IGR,0,False,5985,0.0170422025872256
H0VA09055,2012,VA,9,H. Morgan,Griffith,REP,1,False,184882,0.612886116065213
H2VA09077,2012,VA,9,Anthony J.,Flaccavento,DEM,0,False,116400,0.385867439285549
H2VA10125,2012,VA,10,Kristin A.,Cabral,DEM,0,False,142024,0.38757354466166705
H2VA10133,2012,VA,10,J. Kevin,Chisholm,IND,0,False,9855,0.0268936044798114
H6VA10050,2012,VA,10,Frank R.,Wolf,REP,1,False,214038,0.58409470478436
H0VA11101,2012,VA,11,Christopher F.,DeCarlo,IND,0,False,3027,0.009110801431482381
H2VA11149,2012,VA,11,Chris S.,Perkins,REP,0,False,117902,0.35486676920206
H2VA11164,2012,VA,11,Joe F. Jr.,Galdo,GRE,0,False,2195,0.00660661022203628
H2VA11172,2012,VA,11,Mark T.,Gibson,IND,0,False,3806,0.011455470845134399
H2VA11180,2012,VA,11,Peter M.,Marchetti,IGR,0,False,1919,0.0057758929458258
H8VA11062,2012,VA,11,"Gerald E. ""Gerry""",Connolly,DEM,1,False,202606,0.609812697332976
H0VI00045,2012,VI,0,Guillaume,Mimoun,IND,0,False,312,0.0162754303599374
H2VI00074,2012,VI,0,"Holland L., II",Redfield,REP,0,False,2131,0.111163275952008
H2VI00090,2012,VI,0,Norma,Pickard-Samuel,IND,0,False,1927,0.100521648408972
H4VI00054,2012,VI,0,Donna M.,Christensen,DEM,1,False,11512,0.6005216484089719
H4VI00120,2012,VI,0,Warren B.,Mosler,IND,0,False,3276,0.170892018779343
H2VT00094,2012,VT,0,Jane,Newton,LU,0,False,4065,0.0140205773097737
H2VT00110,2012,VT,0,Mark,Donka,REP,0,False,67543,0.23296232551883
H2VT00128,2012,VT,0,"James ""Sam""",Desrochers,IND,0,False,8302,0.028634399219124602
H2VT00136,2012,VT,0,Andre,LaFramboise,VKS,0,False,1153,0.0039768082750723495
H6VT00160,2012,VT,0,Peter,Welch,DEM,1,False,208600,0.7194815318127419
H0WA02098,2012,WA,1,John,Koster,REP,0,False,151187,0.460638246011724
H0WA08046,2012,WA,1,Suzan,DelBene,DEM,1,False,177025,0.539361753988276
H0WA02080,2012,WA,2,Rick,Larsen,DEM,1,False,184826,0.61141747521428
H2WA02177,2012,WA,2,Dan,Matthews,REP,0,False,117465,0.38858252478572
H0WA03187,2012,WA,3,Jaime Herrera,Beutler,REP,1,False,177446,0.603796055586558
H2WA03076,2012,WA,3,Jon T.,Haugen,DEM,0,False,116438,0.39620394441344203
H2WA04041,2012,WA,4,Doc,Hastings,REP,1,False,154749,0.662200617059425
H2WA04124,2012,WA,4,Mary,Baechler,DEM,0,False,78940,0.337799382940575
H2WA05071,2012,WA,5,Rich,Cowan,DEM,0,False,117512,0.38081781591688296
H4WA05077,2012,WA,5,Cathy McMorris,Rodgers,REP,1,False,191066,0.619182184083117
H2WA06129,2012,WA,6,Derek,Kilmer,DEM,1,False,186661,0.589978696908207
H2WA06145,2012,WA,6,Bill,Driscoll,REP,0,False,129725,0.410021303091793
H2WA07101,2012,WA,7,Ron,Bemis,REP,0,False,76212,0.20345987506006702
H8WA07132,2012,WA,7,Jim,McDermott,DEM,1,False,298368,0.7965401249399331
H2WA08158,2012,WA,8,Karen,Porterfield,DEM,0,False,121886,0.40347578536197803
H4WA08071,2012,WA,8,Dave,Reichert,REP,1,False,180204,0.596524214638022
H6WA09025,2012,WA,9,Adam,Smith,DEM,1,False,192034,0.71617332801271
H8WA09047,2012,WA,9,Jim,Postma,REP,0,False,76105,0.28382667198729
H0WA03161,2012,WA,10,Denny,Heck,DEM,1,False,163036,0.585582058566826
H0WA09044,2012,WA,10,Richard (Dick),Muri,REP,0,False,115381,0.414417941433174
H2WI01084,2012,WI,1,Rob,Zerban,DEM,0,False,158414,0.433942003736393
H2WI01092,2012,WI,1,Keith,Deschler,LIB,0,False,6054,0.016583666157158602
H8WI01024,2012,WI,1,Paul,Ryan,REP,1,False,200423,0.549016868552394
H0WI02060,2012,WI,2,Chad,Lee,REP,0,False,124683,0.31896556134848497
H2WI02116,2012,WI,2,Joe,Kopsick,W,0,False,6,1.5349272700295198e-05
H2WI02124,2012,WI,2,Mark,Pocan,DEM,1,False,265422,0.6790057764429601
H2WI03080,2012,WI,3,Ray,Boland,REP,0,False,121713,0.358228064185729
H6WI03099,2012,WI,3,Ron,Kind,DEM,1,False,217712,0.640774184433901
H0WI04090,2012,WI,4,Dan,Sebring,REP,0,False,80787,0.247974142694022
H4WI04183,2012,WI,4,Gwen,Moore,DEM,1,False,235257,0.722116836715901
H8WI05124,2012,WI,4,Robert R.,Raymond,IND,0,False,9277,0.028475573072059102
H2WI05259,2012,WI,5,Dave,Heaster,DEM,0,False,118478,0.320501861149585
H8WI09050,2012,WI,5,"F. James, Jr.",Sensenbrenner,REP,1,False,250335,0.677196048303324
H0WI06061,2012,WI,6,Tom,Petri,REP,1,False,223460,0.621162212122476
H0WI06152,2012,WI,6,Joe,Kallas,DEM,0,False,135921,0.377825960055039
H0WI07051,2012,WI,7,Sean,Duffy,REP,1,False,201720,0.560849002833161
H2WI07065,2012,WI,7,Pat,Kreitlow,DEM,0,False,157524,0.437969355157103
H2WI07073,2012,WI,7,Dale C.,Lehner,W,0,False,20,5.56066828111403e-05
H0WI08075,2012,WI,8,Reid J.,Ribble,REP,1,False,198874,0.559477190376522
H6WI08106,2012,WI,8,Jamie,Wall,DEM,0,False,156287,0.43967040262867696
H0WV01072,2012,WV,1,David B.,McKinley,REP,1,False,133809,0.624834812818992
H2WV01094,2012,WV,1,Sue,Thorn,DEM,0,False,80342,0.375165187181008
H0WV02138,2012,WV,2,Shelley Moore,Capito,REP,1,False,158206,0.6976619069878199
H4WV02023,2012,WV,2,Howard,Swint,DEM,0,False,68560,0.30233809301218
H4WV03047,2012,WV,3,Rick,Snuffer,REP,0,False,92238,0.46018449687433
H6WV04057,2012,WV,3,"Nick J., II",Rahall,DEM,1,False,108199,0.5398155031256701
H2WY00117,2012,WY,0,Chris,Henrichsen,DEM,0,False,57573,0.238278129798321
H2WY00125,2012,WY,0,Richard P.,Brubaker,LIB,0,False,8442,0.0349390160623456
H2WY00133,2012,WY,0,Daniel Clyde,Cummings,CON,0,False,4963,0.0205404331577139
H2WY00141,2012,WY,0,Don,Wills,COU,0,False,3775,0.015623641984761301
H8WY00148,2012,WY,0,Cynthia M.,Lummis,REP,1,False,166452,0.688897074343704
H0FL12101,2012,FL,15,Dennis,Ross,REP,1,True,,1.0
H0FL17068,2012,FL,24,Frederica S.,Wilson,DEM,1,True,,1.0
